,pid,Date,grp,duration
0,1,2023-12-26,Others,1
3,1,2023-12-26,Screen off (locked),1
10,1,2023-12-26,Screen off (locked),35
11,1,2023-12-26,Facebook,3
14,1,2023-12-26,Screen off (locked),5
15,1,2023-12-26,Facebook,1
19,1,2023-12-26,Screen off (locked),108
23,1,2023-12-26,Others,1
39,1,2023-12-26,Screen off (locked),18
40,1,2023-12-26,Screen on (unlocked),4
43,1,2023-12-26,Screen off (locked),3
44,1,2023-12-26,Others,2
45,1,2023-12-26,Others,1
53,1,2023-12-26,Screen off (locked),25
54,1,2023-12-26,Facebook,1
55,1,2023-12-26,Messenger,1
58,1,2023-12-26,Facebook,1
66,1,2023-12-26,Screen off (locked),1
67,1,2023-12-26,Messenger,3
71,1,2023-12-26,Screen off (locked),118
72,1,2023-12-26,Facebook,3
75,1,2023-12-26,Screen off (locked),3
76,1,2023-12-26,Facebook,2
79,1,2023-12-26,Screen off (locked),43
80,1,2023-12-26,Facebook,1
86,1,2023-12-26,Screen off (locked),20
88,1,2023-12-26,Screen off (locked),4
93,1,2023-12-26,Screen off (locked),65
100,1,2023-12-26,Others,1
108,1,2023-12-26,Facebook,4
111,1,2023-12-26,Facebook,2
118,1,2023-12-26,Screen off (locked),6
119,1,2023-12-26,Facebook,1
123,1,2023-12-26,Screen off (locked),8
128,1,2023-12-26,Screen off (locked),24
130,1,2023-12-26,Screen off (locked),4
133,1,2023-12-26,Screen off (locked),21
134,1,2023-12-26,Facebook,1
138,1,2023-12-26,Screen off (locked),34
139,1,2023-12-26,Others,2
143,1,2023-12-26,Screen off (locked),11
147,1,2023-12-26,Screen off (locked),34
149,1,2023-12-26,Others,1
153,1,2023-12-26,Screen off (locked),1
171,1,2023-12-26,Screen off (locked),11
172,1,2023-12-26,Others,3
177,1,2023-12-26,Others,1
181,1,2023-12-26,Screen off (locked),29
182,1,2023-12-26,Messenger,1
187,1,2023-12-26,Screen off (locked),2
193,1,2023-12-26,Facebook,3
199,1,2023-12-26,Facebook,1
203,1,2023-12-26,Screen off (locked),25
207,1,2023-12-26,Screen off (locked),5
209,1,2023-12-26,Facebook,1
210,1,2023-12-26,Facebook,34
214,1,2023-12-26,Screen off (locked),395
215,1,2023-12-26,Facebook,3
216,1,2023-12-26,Others,5
217,1,2023-12-26,Facebook,2
219,1,2023-12-26,Facebook,1
220,1,2023-12-26,Messenger,1
224,1,2023-12-26,Screen off (locked),5
226,2,2023-12-25,Screen off (locked),249
230,2,2023-12-25,Clock,44
232,2,2023-12-25,Screen off (locked),40
235,2,2023-12-25,Facebook,1
239,2,2023-12-25,Facebook,1
240,2,2023-12-25,Discord,2
241,2,2023-12-25,Facebook,1
250,2,2023-12-25,Facebook,18
252,2,2023-12-25,Facebook,18
258,2,2023-12-25,Screen off (locked),6
260,2,2023-12-25,Screen off (locked),2
262,2,2023-12-25,Screen off (locked),14
280,2,2023-12-25,Messenger,2
285,2,2023-12-25,Screen off (locked),13
290,2,2023-12-25,Screen off (locked),6
291,2,2023-12-25,Maps,1
296,2,2023-12-25,Screen off (locked),5
300,2,2023-12-25,Screen off (locked),17
301,2,2023-12-25,Facebook,2
304,2,2023-12-25,Screen off (locked),15
310,2,2023-12-25,Screen off (locked),1
318,2,2023-12-25,Screen off (locked),1
319,2,2023-12-25,Messenger,1
325,2,2023-12-25,Facebook,1
340,2,2023-12-25,Screen off (locked),2
341,2,2023-12-25,Facebook,1
347,2,2023-12-25,Screen off (locked),10
351,2,2023-12-25,Screen off (locked),3
355,2,2023-12-25,Screen off (locked),1
361,2,2023-12-25,Screen off (locked),3
366,2,2023-12-25,Screen off (locked),7
371,2,2023-12-25,Screen off (locked),2
376,2,2023-12-25,Screen off (locked),15
381,2,2023-12-25,Screen off (locked),38
382,2,2023-12-25,Facebook,1
385,2,2023-12-25,Screen off (locked),2
387,2,2023-12-25,Facebook,1
391,2,2023-12-25,Screen off (locked),53
397,2,2023-12-25,Screen off (locked),29
401,2,2023-12-25,Screen off (locked),3
407,2,2023-12-25,Screen off (locked),3
412,2,2023-12-25,Screen off (locked),48
416,2,2023-12-25,Screen off (locked),1
420,2,2023-12-25,Screen off (locked),1
427,2,2023-12-25,Messenger,1
439,2,2023-12-25,Screen off (locked),4
444,2,2023-12-25,Others,2
448,2,2023-12-25,Screen off (locked),3
453,2,2023-12-25,Discord,1
457,2,2023-12-25,Screen off (locked),1
478,2,2023-12-25,Screen off (locked),60
483,2,2023-12-25,Screen off (locked),1
484,2,2023-12-25,Messenger,1
486,2,2023-12-25,Screen on (unlocked),4
489,2,2023-12-25,Screen off (locked),1
491,2,2023-12-25,Others,1
492,2,2023-12-25,Facebook,1
495,2,2023-12-25,Screen off (locked),1
499,2,2023-12-25,Screen off (locked),1
500,2,2023-12-25,Facebook,1
503,2,2023-12-25,Screen off (locked),4
510,2,2023-12-25,Screen off (locked),46
514,2,2023-12-25,Screen off (locked),1
516,2,2023-12-25,Screen off (locked),8
520,2,2023-12-25,Screen off (locked),5
526,2,2023-12-25,Screen off (locked),1
528,2,2023-12-25,Screen off (locked),9
529,2,2023-12-25,Facebook,1
533,2,2023-12-25,Screen off (locked),3
535,2,2023-12-25,Others,1
544,2,2023-12-25,Screen on (unlocked),1
547,2,2023-12-25,Screen off (locked),4
548,2,2023-12-25,Facebook,1
551,2,2023-12-25,Screen off (locked),41
552,2,2023-12-25,Clock,1
554,2,2023-12-25,Screen off (locked),3
555,2,2023-12-25,Clock,1
557,2,2023-12-25,Screen off (locked),3
558,2,2023-12-25,Clock,6
560,2,2023-12-25,Screen off (locked),228
571,2,2023-12-25,Facebook,1
574,2,2023-12-25,Screen off (locked),95
576,2,2023-12-25,Screen off (locked),1
580,2,2023-12-25,Screen off (locked),8
582,2,2023-12-25,Screen off (locked),3
583,2,2023-12-25,Facebook,4
586,2,2023-12-25,Screen off (locked),1
587,2,2023-12-25,Facebook,1
595,2,2023-12-25,Screen on (unlocked),1
599,2,2023-12-25,Facebook,1
613,2,2023-12-25,Screen off (locked),7
622,2,2023-12-25,Screen off (locked),3
628,2,2023-12-25,Screen off (locked),3
634,2,2023-12-25,Screen off (locked),1
638,3,2023-12-24,Screen off (locked),192
643,3,2023-12-24,Others,2
646,3,2023-12-24,Facebook,1
650,3,2023-12-24,Facebook,2
652,3,2023-12-24,Facebook,7
656,3,2023-12-24,Screen off (locked),4
664,3,2023-12-24,Screen off (locked),23
666,3,2023-12-24,Screen off (locked),76
668,3,2023-12-24,Screen off (locked),22
670,3,2023-12-24,Screen off (locked),28
675,3,2023-12-24,Screen off (locked),185
684,3,2023-12-24,Screen off (locked),1
695,3,2023-12-24,Screen off (locked),4
703,3,2023-12-24,Screen off (locked),8
705,3,2023-12-24,Facebook,6
709,3,2023-12-24,Screen off (locked),4
712,3,2023-12-24,Zalo,12
714,3,2023-12-24,Zalo,1
716,3,2023-12-24,Zalo,20
718,3,2023-12-24,Screen off (locked),20
723,3,2023-12-24,Screen off (locked),1
724,3,2023-12-24,Facebook,1
725,3,2023-12-24,Screen on (unlocked),51
728,3,2023-12-24,Screen off (locked),29
731,3,2023-12-24,Screen off (locked),182
732,3,2023-12-24,Facebook,2
733,3,2023-12-24,Others,1
736,3,2023-12-24,Screen off (locked),7
739,3,2023-12-24,Screen off (locked),4
743,3,2023-12-24,Screen off (locked),11
744,3,2023-12-24,Others,3
748,3,2023-12-24,Screen off (locked),13
754,3,2023-12-24,Facebook,1
767,3,2023-12-24,Screen off (locked),13
772,3,2023-12-24,Screen off (locked),11
778,3,2023-12-24,Screen off (locked),5
789,3,2023-12-24,Screen off (locked),13
790,3,2023-12-24,Others,25
795,3,2023-12-24,Screen off (locked),3
802,3,2023-12-24,Screen off (locked),14
803,3,2023-12-24,Messenger,7
804,3,2023-12-24,Screen on (unlocked),1
807,3,2023-12-24,Screen off (locked),8
808,3,2023-12-24,Facebook,3
812,3,2023-12-24,Facebook,5
816,3,2023-12-24,Screen off (locked),43
819,3,2023-12-24,Screen off (locked),58
823,3,2023-12-24,Screen off (locked),58
826,3,2023-12-24,Screen off (locked),294
827,3,2023-12-24,Discord,1
831,3,2023-12-24,Discord,2
834,3,2023-12-24,Facebook,3
835,3,2023-12-24,Messenger,2
839,3,2023-12-24,Screen off (locked),4
840,3,2023-12-24,Facebook,1
846,4,2023-12-23,Screen off (locked),287
847,4,2023-12-23,Others,18
854,4,2023-12-23,Screen off (locked),21
856,4,2023-12-23,Screen off (locked),4
857,4,2023-12-23,Facebook,22
861,4,2023-12-23,Facebook,14
862,4,2023-12-23,Messenger,1
863,4,2023-12-23,Facebook,1
867,4,2023-12-23,Screen off (locked),2
868,4,2023-12-23,Messenger,2
872,4,2023-12-23,Screen off (locked),2
876,4,2023-12-23,Screen off,30
878,4,2023-12-23,Others,5
880,4,2023-12-23,Screen off (locked),2
881,4,2023-12-23,Others,1
884,4,2023-12-23,Screen off (locked),3
885,4,2023-12-23,Others,3
891,4,2023-12-23,Others,3
895,4,2023-12-23,Screen off (locked),81
905,4,2023-12-23,Screen off (locked),1
906,4,2023-12-23,Others,4
910,4,2023-12-23,Screen off (locked),36
911,4,2023-12-23,Facebook,1
916,4,2023-12-23,Screen off (locked),21
917,4,2023-12-23,Zalo,5
919,4,2023-12-23,Screen off (locked),2
923,4,2023-12-23,Screen off (locked),7
927,4,2023-12-23,Screen off (locked),25
931,4,2023-12-23,Screen off (locked),1
934,4,2023-12-23,Facebook,3
938,4,2023-12-23,Screen off (locked),85
941,4,2023-12-23,Facebook,38
943,4,2023-12-23,Facebook,1
947,4,2023-12-23,Screen off (locked),6
949,4,2023-12-23,Facebook,5
950,4,2023-12-23,Messenger,2
951,4,2023-12-23,Facebook,8
952,4,2023-12-23,Messenger,2
955,4,2023-12-23,Screen off (locked),1
960,4,2023-12-23,Screen off (locked),39
961,4,2023-12-23,Facebook,2
966,4,2023-12-23,Screen off (locked),12
969,4,2023-12-23,Screen off (locked),2
972,4,2023-12-23,Screen off (locked),1
978,4,2023-12-23,Screen off (locked),123
980,4,2023-12-23,Facebook,30
982,4,2023-12-23,Screen off (locked),1
986,4,2023-12-23,Screen off (locked),58
990,4,2023-12-23,Screen off (locked),379
991,4,2023-12-23,Facebook,16
998,4,2023-12-23,Screen off (locked),4
1004,4,2023-12-23,Facebook,4
1008,5,2023-12-22,Screen off (locked),231
1016,5,2023-12-22,Screen off (locked),13
1021,5,2023-12-22,Screen off (locked),6
1026,5,2023-12-22,Screen off (locked),2
1031,5,2023-12-22,Screen off (locked),18
1032,5,2023-12-22,Messenger,54
1042,5,2023-12-22,Facebook,3
1046,5,2023-12-22,Screen off (locked),23
1050,5,2023-12-22,Screen off (locked),5
1052,5,2023-12-22,Facebook,2
1053,5,2023-12-22,Others,1
1057,5,2023-12-22,Screen off (locked),1
1061,5,2023-12-22,Screen off (locked),1
1065,5,2023-12-22,Screen off (locked),9
1078,5,2023-12-22,Screen off (locked),1
1082,5,2023-12-22,Screen off (locked),5
1088,5,2023-12-22,Facebook,1
1098,5,2023-12-22,Screen off (locked),13
1103,5,2023-12-22,Screen off (locked),6
1108,5,2023-12-22,Screen off (locked),5
1113,5,2023-12-22,Screen off (locked),1
1126,5,2023-12-22,Screen off (locked),17
1130,5,2023-12-22,Screen off (locked),63
1131,5,2023-12-22,Messenger,1
1132,5,2023-12-22,Messenger,33
1137,5,2023-12-22,Screen off (locked),1
1139,5,2023-12-22,Screen off (locked),34
1144,5,2023-12-22,Screen off (locked),2
1145,5,2023-12-22,Facebook,6
1149,5,2023-12-22,Screen off (locked),31
1151,5,2023-12-22,Facebook,13
1154,5,2023-12-22,Chrome,2
1159,5,2023-12-22,Screen off (locked),11
1160,5,2023-12-22,Facebook,11
1162,5,2023-12-22,Facebook,1
1166,5,2023-12-22,Facebook,3
1174,5,2023-12-22,Screen off (locked),2
1182,5,2023-12-22,Screen off (locked),2
1195,5,2023-12-22,Screen off (locked),1
1200,5,2023-12-22,Screen off (locked),2
1208,5,2023-12-22,Messenger,1
1217,5,2023-12-22,Screen off (locked),16
1222,5,2023-12-22,Screen off (locked),2
1227,5,2023-12-22,Screen off (locked),1
1229,5,2023-12-22,Messenger,2
1233,5,2023-12-22,Screen off (locked),184
1235,5,2023-12-22,Screen off (locked),1
1248,5,2023-12-22,Screen off (locked),5
1255,5,2023-12-22,Screen off (locked),1
1263,5,2023-12-22,Screen off (locked),9
1264,5,2023-12-22,Facebook,6
1267,5,2023-12-22,Screen off (locked),2
1268,5,2023-12-22,Facebook,4
1271,5,2023-12-22,Screen off (locked),1
1272,5,2023-12-22,Facebook,1
1275,5,2023-12-22,Screen off (locked),1
1276,5,2023-12-22,Screen on (unlocked),2
1279,5,2023-12-22,Screen off (locked),11
1280,5,2023-12-22,Facebook,5
1284,5,2023-12-22,Facebook,11
1289,5,2023-12-22,Screen off (locked),58
1292,6,2023-12-21,Screen off (locked),428
1294,6,2023-12-21,Facebook,12
1295,6,2023-12-21,Messenger,1
1296,6,2023-12-21,Facebook,1
1297,6,2023-12-21,Messenger,3
1298,6,2023-12-21,Facebook,1
1301,6,2023-12-21,Screen off (locked),33
1305,6,2023-12-21,Screen off (locked),26
1309,6,2023-12-21,Screen off (locked),1
1313,6,2023-12-21,Screen off (locked),6
1321,6,2023-12-21,Screen off (locked),22
1325,6,2023-12-21,Screen off (locked),4
1329,6,2023-12-21,Screen off (locked),36
1338,6,2023-12-21,Screen off (locked),21
1339,6,2023-12-21,Facebook,1
1342,6,2023-12-21,Screen off (locked),1
1346,6,2023-12-21,Screen off (locked),117
1347,6,2023-12-21,Facebook,8
1352,6,2023-12-21,Others,1
1353,6,2023-12-21,Others,3
1355,6,2023-12-21,Others,1
1358,6,2023-12-21,Others,2
1365,6,2023-12-21,Others,1
1367,6,2023-12-21,Facebook,4
1368,6,2023-12-21,Others,2
1369,6,2023-12-21,Facebook,1
1371,6,2023-12-21,Facebook,3
1372,6,2023-12-21,Messenger,1
1373,6,2023-12-21,Facebook,2
1375,6,2023-12-21,Facebook,1
1376,6,2023-12-21,Messenger,1
1377,6,2023-12-21,Facebook,2
1378,6,2023-12-21,Messenger,1
1383,6,2023-12-21,Screen off (locked),18
1384,6,2023-12-21,Zalo,2
1385,6,2023-12-21,Facebook,9
1386,6,2023-12-21,Messenger,2
1388,6,2023-12-21,Messenger,4
1392,6,2023-12-21,Screen off (locked),39
1395,6,2023-12-21,Screen off (locked),31
1396,6,2023-12-21,Others,13
1405,6,2023-12-21,Screen off (locked),33
1406,6,2023-12-21,Facebook,3
1408,6,2023-12-21,Facebook,2
1410,6,2023-12-21,Facebook,2
1416,6,2023-12-21,Messenger,1
1425,6,2023-12-21,Messenger,1
1427,6,2023-12-21,Messenger,1
1433,6,2023-12-21,Screen off (locked),1
1436,6,2023-12-21,Screen off (locked),15
1437,6,2023-12-21,Facebook,24
1451,6,2023-12-21,Screen off (locked),1
1462,6,2023-12-21,Screen off (locked),2
1463,6,2023-12-21,Facebook,2
1466,6,2023-12-21,Facebook,1
1471,6,2023-12-21,Others,2
1473,6,2023-12-21,Chrome,1
1475,6,2023-12-21,Facebook,11
1476,6,2023-12-21,Zalo,2
1480,6,2023-12-21,Screen off (locked),35
1483,6,2023-12-21,Screen off (locked),7
1485,6,2023-12-21,Screen off (locked),6
1486,6,2023-12-21,Chrome,7
1487,6,2023-12-21,Facebook,6
1490,6,2023-12-21,Screen off (locked),2
1491,6,2023-12-21,Facebook,1
1500,6,2023-12-21,Screen off (locked),4
1501,6,2023-12-21,Facebook,1
1511,6,2023-12-21,Screen off (locked),4
1515,6,2023-12-21,Screen off (locked),1
1522,6,2023-12-21,Screen off (locked),1
1526,6,2023-12-21,Screen off (locked),22
1532,6,2023-12-21,Screen off (locked),2
1544,6,2023-12-21,Screen off (locked),16
1546,6,2023-12-21,Screen off (locked),2
1547,6,2023-12-21,Zalo,11
1550,6,2023-12-21,Zalo,1
1570,6,2023-12-21,Screen off (locked),1
1571,6,2023-12-21,Messenger,3
1575,6,2023-12-21,Screen off (locked),6
1592,6,2023-12-21,Screen off (locked),1
1593,6,2023-12-21,Facebook,1
1595,6,2023-12-21,Facebook,1
1598,6,2023-12-21,Screen off (locked),3
1601,6,2023-12-21,Facebook,1
1614,6,2023-12-21,Facebook,1
1623,6,2023-12-21,Screen off (locked),1
1624,6,2023-12-21,Outlook,1
1631,6,2023-12-21,Chrome,1
1632,6,2023-12-21,Chrome,2
1636,6,2023-12-21,Screen off (locked),6
1641,6,2023-12-21,Screen off (locked),32
1642,6,2023-12-21,Facebook,1
1645,6,2023-12-21,Screen off (locked),17
1648,6,2023-12-21,Facebook,11
1656,6,2023-12-21,Screen off (locked),38
1663,6,2023-12-21,Chrome,1
1665,6,2023-12-21,Facebook,1
1667,6,2023-12-21,Facebook,5
1670,6,2023-12-21,Screen off (locked),6
1672,6,2023-12-21,Zalo,2
1674,6,2023-12-21,Screen off (locked),26
1677,6,2023-12-21,Screen off (locked),58
1680,6,2023-12-21,Screen off (locked),317
1681,6,2023-12-21,Facebook,8
1683,6,2023-12-21,Facebook,1
1687,6,2023-12-21,Facebook,1
1692,6,2023-12-21,Screen off (locked),14
1694,6,2023-12-21,Others,2
1696,6,2023-12-21,Facebook,3
1707,6,2023-12-21,Chrome,3
1710,6,2023-12-21,Screen off (locked),5
1715,6,2023-12-21,Messenger,3
1719,6,2023-12-21,Screen off (locked),2
1725,6,2023-12-21,Screen off (locked),2
1729,6,2023-12-21,Screen off (locked),29
1745,7,2023-12-20,Screen off (locked),18
1746,7,2023-12-20,Facebook,1
1750,7,2023-12-20,Screen off (locked),6
1754,7,2023-12-20,Screen off (locked),14
1755,7,2023-12-20,Others,5
1761,7,2023-12-20,Screen off (locked),74
1762,7,2023-12-20,Facebook,19
1766,7,2023-12-20,Facebook,11
1769,7,2023-12-20,Screen off (locked),159
1770,7,2023-12-20,Facebook,11
1772,7,2023-12-20,Facebook,24
1774,7,2023-12-20,Facebook,6
1775,7,2023-12-20,Messenger,1
1777,7,2023-12-20,Facebook,1
1779,7,2023-12-20,Others,29
1784,7,2023-12-20,Screen off (locked),30
1788,7,2023-12-20,Screen off (locked),23
1794,7,2023-12-20,Screen off (locked),141
1798,7,2023-12-20,Screen off (locked),1
1805,7,2023-12-20,Screen on (locked),1
1806,7,2023-12-20,Screen off (locked),3
1812,7,2023-12-20,Screen off (locked),2
1815,7,2023-12-20,Screen off (locked),29
1821,7,2023-12-20,Screen off (locked),5
1826,7,2023-12-20,Screen off (locked),6
1831,7,2023-12-20,Screen off (locked),3
1833,7,2023-12-20,Facebook,1
1836,7,2023-12-20,Screen off (locked),2
1840,7,2023-12-20,Screen off (locked),3
1856,7,2023-12-20,Screen off (locked),2
1862,7,2023-12-20,Screen off (locked),143
1866,7,2023-12-20,Screen off (locked),61
1876,7,2023-12-20,Screen off (locked),1
1880,7,2023-12-20,Screen off (locked),4
1886,7,2023-12-20,Discord,1
1897,7,2023-12-20,Screen off (locked),40
1901,7,2023-12-20,Facebook,6
1905,7,2023-12-20,Screen off (locked),26
1907,7,2023-12-20,Screen off (locked),20
1910,7,2023-12-20,Screen off (locked),58
1914,8,2023-12-19,Screen off (locked),508
1916,8,2023-12-19,Facebook,2
1919,8,2023-12-19,Screen off (locked),36
1923,8,2023-12-19,Screen off (locked),8
1927,8,2023-12-19,Screen off (locked),30
1928,8,2023-12-19,Facebook,8
1930,8,2023-12-19,Maps,1
1933,8,2023-12-19,Messenger,1
1937,8,2023-12-19,Messenger,1
1938,8,2023-12-19,Facebook,4
1939,8,2023-12-19,Maps,1
1943,8,2023-12-19,Screen off (locked),11
1945,8,2023-12-19,Screen off (locked),31
1946,8,2023-12-19,Facebook,1
1949,8,2023-12-19,Screen off (locked),5
1950,8,2023-12-19,Screen on (unlocked),12
1953,8,2023-12-19,Screen off (locked),28
1954,8,2023-12-19,Facebook,7
1956,8,2023-12-19,Facebook,1
1959,8,2023-12-19,Screen off (locked),92
1967,8,2023-12-19,Screen off (locked),2
1968,8,2023-12-19,Others,2
1969,8,2023-12-19,Others,6
1975,8,2023-12-19,Others,1
1979,8,2023-12-19,Others,3
1981,8,2023-12-19,Others,4
1982,8,2023-12-19,Messenger,4
1983,8,2023-12-19,Messenger,9
1984,8,2023-12-19,Facebook,5
1985,8,2023-12-19,Facebook,1
1989,8,2023-12-19,Facebook,1
1994,8,2023-12-19,Messenger,1
1995,8,2023-12-19,Messenger,2
2011,8,2023-12-19,Messenger,1
2014,8,2023-12-19,Screen off (locked),5
2021,8,2023-12-19,Screen off (locked),1
2033,8,2023-12-19,Screen off (locked),4
2039,8,2023-12-19,Others,1
2048,8,2023-12-19,Screen off (locked),13
2050,8,2023-12-19,Screen off (locked),4
2059,8,2023-12-19,Screen off (locked),110
2064,8,2023-12-19,Facebook,2
2069,8,2023-12-19,Screen off (locked),1
2074,8,2023-12-19,Screen off (locked),12
2084,8,2023-12-19,Screen off (locked),37
2088,8,2023-12-19,Screen off (locked),6
2090,8,2023-12-19,Screen off (locked),6
2102,8,2023-12-19,Facebook,1
2111,8,2023-12-19,Screen off (locked),6
2112,8,2023-12-19,Facebook,4
2115,8,2023-12-19,Facebook,2
2116,8,2023-12-19,Facebook,3
2119,8,2023-12-19,Facebook,1
2125,8,2023-12-19,Screen off (locked),8
2132,8,2023-12-19,Others,5
2135,8,2023-12-19,Screen off (locked),14
2136,8,2023-12-19,Others,1
2139,8,2023-12-19,Others,2
2146,8,2023-12-19,Others,1
2149,8,2023-12-19,Discord,1
2158,8,2023-12-19,Screen off (locked),37
2160,8,2023-12-19,Screen off (locked),1
2164,8,2023-12-19,Screen off (locked),7
2172,8,2023-12-19,Screen off (locked),2
2173,8,2023-12-19,Discord,2
2183,8,2023-12-19,Screen off (locked),23
2187,8,2023-12-19,Screen off (locked),10
2191,8,2023-12-19,Screen off (locked),4
2197,8,2023-12-19,Others,1
2204,8,2023-12-19,Screen off,4
2205,8,2023-12-19,Others,5
2207,8,2023-12-19,Others,1
2216,8,2023-12-19,Others,1
2225,8,2023-12-19,Screen off (locked),6
2227,8,2023-12-19,Screen off,12
2228,8,2023-12-19,Zalo,13
2230,8,2023-12-19,Messenger,5
2232,8,2023-12-19,Screen off (locked),8
2235,8,2023-12-19,Facebook,4
2238,8,2023-12-19,Facebook,1
2243,8,2023-12-19,Facebook,1
2244,8,2023-12-19,Messenger,1
2245,8,2023-12-19,Facebook,4
2249,8,2023-12-19,Facebook,1
2254,8,2023-12-19,Screen off (locked),18
2256,8,2023-12-19,Screen off (locked),7
2258,8,2023-12-19,Screen off (locked),12
2261,8,2023-12-19,Screen off (locked),58
2264,9,2023-12-18,Screen off (locked),462
2265,9,2023-12-18,Others,8
2270,9,2023-12-18,Screen off (locked),15
2273,9,2023-12-18,Others,2
2286,9,2023-12-18,Messenger,1
2294,9,2023-12-18,Others,1
2297,9,2023-12-18,Others,1
2305,9,2023-12-18,Screen off (locked),21
2310,9,2023-12-18,Screen off (locked),7
2314,9,2023-12-18,Screen off (locked),9
2316,9,2023-12-18,Facebook,1
2319,9,2023-12-18,Screen off (locked),54
2323,9,2023-12-18,Screen off (locked),2
2328,9,2023-12-18,Screen off (locked),6
2329,9,2023-12-18,Discord,2
2344,9,2023-12-18,Screen off (locked),2
2349,9,2023-12-18,Screen off (locked),2
2353,9,2023-12-18,Screen off (locked),6
2357,9,2023-12-18,Screen off (locked),21
2363,9,2023-12-18,Screen off (locked),17
2364,9,2023-12-18,Facebook,2
2365,9,2023-12-18,Chrome,1
2368,9,2023-12-18,Screen off (locked),2
2369,9,2023-12-18,Chrome,1
2373,9,2023-12-18,Screen off (locked),1
2374,9,2023-12-18,Facebook,2
2385,9,2023-12-18,Screen off (locked),61
2389,9,2023-12-18,Screen off (locked),5
2393,9,2023-12-18,Screen off (locked),5
2406,9,2023-12-18,Facebook,1
2410,9,2023-12-18,Facebook,2
2418,9,2023-12-18,Screen off (locked),6
2422,9,2023-12-18,Screen off (locked),2
2426,9,2023-12-18,Screen off (locked),1
2427,9,2023-12-18,Messenger,1
2428,9,2023-12-18,Chrome,1
2432,9,2023-12-18,Screen off (locked),1
2436,9,2023-12-18,Screen off (locked),6
2448,9,2023-12-18,Screen off (locked),1
2459,9,2023-12-18,Chrome,2
2464,9,2023-12-18,Screen off (locked),1
2465,9,2023-12-18,Chrome,1
2469,9,2023-12-18,Screen off (locked),6
2478,9,2023-12-18,Screen off (locked),2
2482,9,2023-12-18,Screen off (locked),2
2491,9,2023-12-18,Screen off (locked),1
2506,9,2023-12-18,Messenger,1
2510,9,2023-12-18,Screen off (locked),1
2515,9,2023-12-18,Screen off (locked),1
2526,9,2023-12-18,Screen off (locked),2
2529,9,2023-12-18,Zalo,3
2532,9,2023-12-18,Screen off (locked),5
2533,9,2023-12-18,Zalo,1
2537,9,2023-12-18,Zalo,2
2539,9,2023-12-18,Zalo,2
2543,9,2023-12-18,Zalo,2
2545,9,2023-12-18,Discord,1
2550,9,2023-12-18,Others,2
2562,9,2023-12-18,Zalo,5
2569,9,2023-12-18,Screen off (locked),2
2570,9,2023-12-18,Facebook,7
2574,9,2023-12-18,Facebook,5
2575,9,2023-12-18,Zalo,10
2576,9,2023-12-18,Facebook,1
2578,9,2023-12-18,Facebook,4
2584,9,2023-12-18,Facebook,3
2588,9,2023-12-18,Facebook,1
2594,9,2023-12-18,Screen off (locked),96
2595,9,2023-12-18,Facebook,8
2604,9,2023-12-18,Screen off (locked),1
2610,9,2023-12-18,Screen off (locked),3
2611,9,2023-12-18,Others,1
2615,9,2023-12-18,Screen off (locked),7
2619,9,2023-12-18,Screen off (locked),1
2625,9,2023-12-18,Screen off (locked),22
2630,9,2023-12-18,Screen off (locked),3
2635,9,2023-12-18,Screen off (locked),14
2639,9,2023-12-18,Screen off (locked),6
2643,9,2023-12-18,Screen off (locked),65
2646,9,2023-12-18,Others,1
2648,9,2023-12-18,Screen off (locked),7
2652,9,2023-12-18,Screen off (locked),2
2656,9,2023-12-18,Screen off (locked),19
2659,9,2023-12-18,Messenger,1
2663,9,2023-12-18,Screen off (locked),1
2667,9,2023-12-18,Screen off (locked),1
2672,9,2023-12-18,Screen off (locked),2
2678,9,2023-12-18,Screen off (locked),12
2680,9,2023-12-18,Screen off (locked),51
2684,9,2023-12-18,Screen off (locked),11
2688,9,2023-12-18,Screen off (locked),3
2692,9,2023-12-18,Facebook,1
2696,9,2023-12-18,Facebook,1
2709,9,2023-12-18,Screen off (locked),1
2726,9,2023-12-18,Screen off (locked),1
2731,9,2023-12-18,Screen off (locked),1
2757,9,2023-12-18,Screen off (locked),1
2759,9,2023-12-18,Chrome,1
2767,9,2023-12-18,Messenger,2
2768,9,2023-12-18,Facebook,8
2772,9,2023-12-18,Screen off (locked),8
2773,9,2023-12-18,Facebook,6
2779,9,2023-12-18,Screen off (locked),2
2784,9,2023-12-18,Screen off (locked),55
2786,9,2023-12-18,Screen on (unlocked),1
2789,9,2023-12-18,Screen off (locked),58
2792,9,2023-12-18,Screen off (locked),72
2801,9,2023-12-18,Screen off (locked),6
2806,9,2023-12-18,Screen off (locked),5
2811,9,2023-12-18,Screen off (locked),1
2816,9,2023-12-18,Screen off (locked),1
2818,9,2023-12-18,Maps,1
2823,9,2023-12-18,Facebook,1
2826,9,2023-12-18,Screen off (locked),1
2827,9,2023-12-18,Facebook,1
2848,9,2023-12-18,Others,1
2860,9,2023-12-18,Others,1
2878,9,2023-12-18,Screen off (locked),2
2883,9,2023-12-18,Screen off (locked),1
2888,9,2023-12-18,Screen off (locked),1
2903,9,2023-12-18,Screen off (locked),2
2905,9,2023-12-18,Screen off (locked),124
2912,9,2023-12-18,Facebook,1
2916,9,2023-12-18,Maps,1
2920,9,2023-12-18,Screen off (locked),8
2921,9,2023-12-18,Facebook,1
2925,10,2023-12-17,Screen off (locked),178
2929,10,2023-12-17,Screen off (locked),1
2951,10,2023-12-17,Messenger,1
2983,10,2023-12-17,Screen off (locked),2
2991,10,2023-12-17,Messenger,1
2999,10,2023-12-17,Messenger,1
3001,10,2023-12-17,Messenger,1
3007,10,2023-12-17,Messenger,1
3010,10,2023-12-17,Messenger,1
3068,10,2023-12-17,Facebook,1
3073,10,2023-12-17,Screen off (locked),1
3076,10,2023-12-17,FlixBus,2
3083,10,2023-12-17,Screen off (locked),1
3097,10,2023-12-17,Screen off (locked),1
3102,10,2023-12-17,Screen off (locked),1
3107,10,2023-12-17,Screen off (locked),1
3112,10,2023-12-17,Screen off (locked),1
3136,10,2023-12-17,Screen off (locked),7
3140,10,2023-12-17,Screen off (locked),1
3141,10,2023-12-17,Maps,1
3144,10,2023-12-17,Screen off (locked),1
3148,10,2023-12-17,Screen off (locked),1
3153,10,2023-12-17,Screen off (locked),2
3163,10,2023-12-17,Screen off (locked),4
3171,10,2023-12-17,Messenger,1
3186,10,2023-12-17,Screen off (locked),1
3189,10,2023-12-17,Facebook,1
3195,10,2023-12-17,Screen off (locked),2
3206,10,2023-12-17,Discord,1
3234,10,2023-12-17,Screen off (locked),3
3243,10,2023-12-17,Screen off (locked),1
3257,10,2023-12-17,Discord,1
3269,10,2023-12-17,Messenger,1
3274,10,2023-12-17,Screen off (locked),1
3282,10,2023-12-17,Facebook,1
3283,10,2023-12-17,Discord,1
3291,10,2023-12-17,Screen off (locked),2
3300,10,2023-12-17,Screen off (locked),4
3304,10,2023-12-17,Screen off (locked),1
3306,10,2023-12-17,Screen off (locked),3
3309,10,2023-12-17,Discord,1
3313,10,2023-12-17,Screen off (locked),4
3314,10,2023-12-17,Facebook,2
3315,10,2023-12-17,Facebook,5
3319,10,2023-12-17,Facebook,3
3322,10,2023-12-17,Screen off (locked),6
3328,10,2023-12-17,Screen off (locked),4
3330,10,2023-12-17,Screen off (locked),6
3332,10,2023-12-17,Facebook,1
3353,10,2023-12-17,Screen off (locked),2
3366,10,2023-12-17,Chrome,1
3370,10,2023-12-17,Screen off (locked),2
3374,10,2023-12-17,Screen off (locked),4
3375,10,2023-12-17,Facebook,2
3379,10,2023-12-17,Screen off (locked),14
3384,10,2023-12-17,Facebook,8
3389,10,2023-12-17,Facebook,2
3393,10,2023-12-17,Screen off (locked),1
3398,10,2023-12-17,Screen off (locked),5
3402,10,2023-12-17,Screen off (locked),4
3406,10,2023-12-17,Screen off (locked),7
3414,10,2023-12-17,Screen off (locked),4
3419,10,2023-12-17,Screen off (locked),1
3425,10,2023-12-17,Screen off (locked),5
3426,10,2023-12-17,Facebook,3
3428,10,2023-12-17,Facebook,5
3430,10,2023-12-17,Facebook,1
3442,10,2023-12-17,Screen off (locked),1
3451,10,2023-12-17,Screen off (locked),28
3455,10,2023-12-17,Screen off (locked),2
3457,10,2023-12-17,Screen off (locked),13
3461,10,2023-12-17,Screen off (locked),11
3462,10,2023-12-17,Facebook,3
3477,10,2023-12-17,Screen off (locked),5
3482,10,2023-12-17,Facebook,1
3491,10,2023-12-17,Facebook,1
3494,10,2023-12-17,Screen off (locked),7
3495,10,2023-12-17,Facebook,2
3500,10,2023-12-17,Screen off (locked),6
3501,10,2023-12-17,Maps,1
3503,10,2023-12-17,Maps,1
3506,10,2023-12-17,Screen off (locked),8
3511,10,2023-12-17,Maps,1
3527,10,2023-12-17,Screen off (locked),2
3535,10,2023-12-17,Screen off (locked),5
3539,10,2023-12-17,Screen off (locked),2
3543,10,2023-12-17,Screen off (locked),1
3552,10,2023-12-17,Screen on (unlocked),3
3555,10,2023-12-17,Screen off (locked),1
3557,10,2023-12-17,Screen off (locked),10
3558,10,2023-12-17,Screen on (locked),4
3559,10,2023-12-17,Screen off (locked),3
3560,10,2023-12-17,Facebook,3
3572,10,2023-12-17,Screen off (locked),14
3579,10,2023-12-17,Discord,3
3605,10,2023-12-17,Screen off (locked),1
3606,10,2023-12-17,Facebook,1
3608,10,2023-12-17,Screen on (locked),2
3609,10,2023-12-17,Maps,1
3614,10,2023-12-17,Screen off (locked),25
3616,10,2023-12-17,Screen off (locked),6
3618,10,2023-12-17,Screen off (locked),89
3620,10,2023-12-17,Screen off (locked),3
3622,10,2023-12-17,Screen off (locked),6
3626,10,2023-12-17,Screen on (locked),2
3629,10,2023-12-17,Screen off (locked),2
3630,10,2023-12-17,Screen on (locked),3
3632,10,2023-12-17,Screen on (locked),14
3633,10,2023-12-17,Screen off (locked),2
3634,10,2023-12-17,Screen on (locked),2
3635,10,2023-12-17,Screen off (locked),9
3640,10,2023-12-17,Screen off (locked),1
3645,10,2023-12-17,Screen off (locked),2
3649,10,2023-12-17,Screen off (locked),2
3650,10,2023-12-17,Maps,2
3653,10,2023-12-17,Screen off (locked),3
3658,10,2023-12-17,Screen off (locked),3
3673,10,2023-12-17,Screen off (locked),1
3684,10,2023-12-17,Maps,1
3688,10,2023-12-17,Screen off (locked),2
3691,10,2023-12-17,Maps,2
3695,10,2023-12-17,Screen off (locked),8
3696,10,2023-12-17,Facebook,2
3697,10,2023-12-17,Maps,1
3700,10,2023-12-17,Screen off (locked),7
3708,10,2023-12-17,Facebook,1
3713,10,2023-12-17,Screen off (locked),9
3730,10,2023-12-17,Screen off (locked),6
3740,10,2023-12-17,Screen off (locked),2
3746,10,2023-12-17,Screen off (locked),1
3752,10,2023-12-17,Screen off (locked),12
3757,10,2023-12-17,Screen off (locked),5
3762,10,2023-12-17,Screen off (locked),7
3767,10,2023-12-17,Screen off (locked),1
3772,10,2023-12-17,Screen off (locked),1
3780,10,2023-12-17,Screen off (locked),2
3785,10,2023-12-17,Screen off (locked),2
3786,10,2023-12-17,Screen on (locked),1
3789,10,2023-12-17,Screen off (locked),7
3807,10,2023-12-17,Screen off (locked),23
3812,10,2023-12-17,Screen off (locked),6
3817,10,2023-12-17,Screen off (locked),7
3822,10,2023-12-17,Screen off (locked),2
3824,10,2023-12-17,Screen off (locked),1
3829,10,2023-12-17,Screen off (locked),1
3834,10,2023-12-17,Screen off (locked),2
3839,10,2023-12-17,Facebook,1
3840,10,2023-12-17,Outlook,1
3851,10,2023-12-17,Screen off (locked),18
3852,10,2023-12-17,Facebook,10
3853,10,2023-12-17,Messenger,1
3855,10,2023-12-17,Messenger,1
3865,10,2023-12-17,Screen off (locked),40
3867,10,2023-12-17,Screen off (locked),27
3870,10,2023-12-17,Screen off (locked),14
3873,10,2023-12-17,Screen off (locked),38
3876,10,2023-12-17,Screen off (locked),4
3879,11,2023-12-16,Screen off (locked),450
3887,11,2023-12-16,Facebook,3
3903,11,2023-12-16,Screen off (locked),10
3904,11,2023-12-16,Facebook,2
3908,11,2023-12-16,Facebook,2
3910,11,2023-12-16,Facebook,1
3912,11,2023-12-16,Facebook,1
3913,11,2023-12-16,Discord,1
3914,11,2023-12-16,Facebook,1
3922,11,2023-12-16,Screen off (locked),3
3924,11,2023-12-16,Screen off (locked),2
3936,11,2023-12-16,Screen off (locked),1
3940,11,2023-12-16,Screen off (locked),1
3947,11,2023-12-16,Facebook,1
3951,11,2023-12-16,Facebook,4
3954,11,2023-12-16,Screen off (locked),1
3955,11,2023-12-16,Facebook,1
3959,11,2023-12-16,Facebook,1
3964,11,2023-12-16,Maps,1
3965,11,2023-12-16,Facebook,1
3969,11,2023-12-16,Screen off (locked),1
3974,11,2023-12-16,Screen off (locked),2
3980,11,2023-12-16,Facebook,2
3985,11,2023-12-16,Screen off (locked),1
3989,11,2023-12-16,Screen off (locked),4
3991,11,2023-12-16,Screen off (locked),1
3997,11,2023-12-16,Facebook,1
4000,11,2023-12-16,Maps,2
4008,11,2023-12-16,Maps,1
4009,11,2023-12-16,Facebook,1
4022,11,2023-12-16,Screen off (locked),6
4023,11,2023-12-16,Screen on (locked),1
4030,11,2023-12-16,Screen off (locked),3
4034,11,2023-12-16,Screen off (locked),17
4038,11,2023-12-16,Screen off (locked),2
4043,11,2023-12-16,Screen off (locked),11
4055,11,2023-12-16,Screen off (locked),4
4059,11,2023-12-16,Screen off (locked),16
4061,11,2023-12-16,Screen off (locked),2
4063,11,2023-12-16,Screen off (locked),1
4065,11,2023-12-16,Screen off (locked),17
4066,11,2023-12-16,Facebook,1
4069,11,2023-12-16,Screen off (locked),1
4070,11,2023-12-16,Facebook,1
4074,11,2023-12-16,Screen off (locked),3
4076,11,2023-12-16,Chrome,1
4091,11,2023-12-16,Screen on (locked),1
4098,11,2023-12-16,Screen off (locked),1
4100,11,2023-12-16,Screen off (locked),12
4106,11,2023-12-16,Screen off (locked),6
4111,11,2023-12-16,Screen off (locked),2
4119,11,2023-12-16,Screen off (locked),4
4131,11,2023-12-16,Screen off (locked),1
4133,11,2023-12-16,Screen off (locked),1
4136,11,2023-12-16,Chrome,1
4140,11,2023-12-16,Screen off (locked),1
4143,11,2023-12-16,Facebook,1
4152,11,2023-12-16,Screen off (locked),24
4157,11,2023-12-16,Screen off (locked),1
4165,11,2023-12-16,Screen off (locked),4
4177,11,2023-12-16,Screen off (locked),1
4195,11,2023-12-16,Facebook,2
4210,11,2023-12-16,Messenger,1
4215,11,2023-12-16,Facebook,1
4219,11,2023-12-16,Facebook,1
4232,11,2023-12-16,Screen off (locked),1
4233,11,2023-12-16,Facebook,2
4249,11,2023-12-16,Facebook,4
4266,11,2023-12-16,Screen on (unlocked),1
4316,11,2023-12-16,Screen off (locked),1
4321,11,2023-12-16,Screen off (locked),1
4327,11,2023-12-16,Screen off (locked),20
4336,11,2023-12-16,Facebook,2
4358,11,2023-12-16,Screen off (locked),1
4366,11,2023-12-16,Screen off (locked),1
4385,11,2023-12-16,Screen off (locked),1
4386,11,2023-12-16,Messenger,5
4389,11,2023-12-16,Messenger,2
4391,11,2023-12-16,Messenger,2
4415,11,2023-12-16,Screen off (locked),2
4419,11,2023-12-16,Screen off (locked),1
4420,11,2023-12-16,Messenger,1
4425,11,2023-12-16,Screen off (locked),1
4430,11,2023-12-16,Screen off (locked),2
4443,11,2023-12-16,Screen off (locked),1
4451,11,2023-12-16,Screen off (locked),4
4455,11,2023-12-16,Screen off (locked),7
4456,11,2023-12-16,Messenger,2
4466,11,2023-12-16,Screen off (locked),1
4482,11,2023-12-16,Screen off (locked),1
4514,11,2023-12-16,Screen off (locked),1
4524,11,2023-12-16,Screen off (locked),1
4529,11,2023-12-16,Messenger,1
4533,11,2023-12-16,Screen off (locked),1
4549,11,2023-12-16,Facebook,1
4556,11,2023-12-16,Screen off (locked),3
4560,11,2023-12-16,Screen off (locked),1
4568,11,2023-12-16,Screen off (locked),1
4573,11,2023-12-16,Screen off (locked),4
4580,11,2023-12-16,Screen off (locked),1
4582,11,2023-12-16,Zalo,1
4590,11,2023-12-16,Screen off (locked),1
4616,11,2023-12-16,Screen off (locked),1
4617,11,2023-12-16,Zalo,1
4622,11,2023-12-16,Screen off (locked),1
4627,11,2023-12-16,Screen off (locked),1
4634,11,2023-12-16,Screen off (locked),1
4643,11,2023-12-16,Screen off (locked),2
4648,11,2023-12-16,Zalo,2
4656,11,2023-12-16,Screen off (locked),1
4678,11,2023-12-16,Discord,2
4683,11,2023-12-16,Discord,1
4687,11,2023-12-16,Screen off (locked),1
4698,11,2023-12-16,Messenger,1
4704,11,2023-12-16,Screen off (locked),3
4709,11,2023-12-16,Screen off (locked),2
4717,11,2023-12-16,Screen off (locked),3
4737,11,2023-12-16,Messenger,2
4743,11,2023-12-16,Others,6
4746,11,2023-12-16,Screen off (locked),22
4747,11,2023-12-16,Camera,4
4750,11,2023-12-16,Screen off (locked),1
4755,11,2023-12-16,Screen off (locked),2
4763,11,2023-12-16,Screen off (locked),5
4765,11,2023-12-16,Screen off (locked),2
4767,11,2023-12-16,Messenger,1
4776,11,2023-12-16,Chrome,1
4780,11,2023-12-16,Screen off (locked),21
4781,11,2023-12-16,Facebook,6
4783,11,2023-12-16,Facebook,1
4786,11,2023-12-16,Screen off (locked),2
4787,11,2023-12-16,Facebook,9
4795,11,2023-12-16,Facebook,1
4801,11,2023-12-16,Screen off (locked),34
4806,11,2023-12-16,Screen off (locked),22
4813,11,2023-12-16,Screen off (locked),3
4814,11,2023-12-16,Others,1
4818,11,2023-12-16,Screen off (locked),7
4822,11,2023-12-16,Screen off (locked),4
4826,11,2023-12-16,Screen off (locked),226
4831,11,2023-12-16,Screen off (locked),13
4836,11,2023-12-16,Screen off (locked),10
4844,11,2023-12-16,Screen off (locked),2
4848,11,2023-12-16,Screen off (locked),1
4852,11,2023-12-16,Screen off (locked),12
4853,11,2023-12-16,Others,1
4860,11,2023-12-16,Screen off (locked),1
4874,11,2023-12-16,Others,1
4882,11,2023-12-16,Screen off (locked),12
4929,11,2023-12-16,Others,1
4944,11,2023-12-16,Screen off (locked),2
4979,11,2023-12-16,Facebook,2
4983,11,2023-12-16,Facebook,2
4987,11,2023-12-16,Facebook,2
4995,11,2023-12-16,Screen off (locked),2
5002,11,2023-12-16,Screen off (locked),4
5014,11,2023-12-16,Screen off (locked),1
5018,11,2023-12-16,Screen off (locked),2
5023,11,2023-12-16,Screen off (locked),6
5029,11,2023-12-16,Facebook,1
5043,11,2023-12-16,Screen off (locked),1
5048,11,2023-12-16,Screen off (locked),3
5064,11,2023-12-16,Screen off (locked),1
5065,11,2023-12-16,Others,1
5070,11,2023-12-16,Messenger,1
5084,11,2023-12-16,Messenger,1
5090,11,2023-12-16,Messenger,2
5093,11,2023-12-16,Screen off (locked),4
5097,11,2023-12-16,Screen off (locked),5
5106,11,2023-12-16,Screen off (locked),6
5114,11,2023-12-16,Screen off (locked),3
5129,11,2023-12-16,Maps,1
5134,11,2023-12-16,Maps,1
5144,11,2023-12-16,Screen off (locked),175
5145,11,2023-12-16,Facebook,1
5148,11,2023-12-16,Screen off (locked),1
5149,11,2023-12-16,Facebook,4
5152,11,2023-12-16,Screen off (locked),2
5154,11,2023-12-16,Maps,1
5157,11,2023-12-16,Facebook,2
5159,11,2023-12-16,Chrome,1
5162,11,2023-12-16,Facebook,1
5167,11,2023-12-16,Messenger,1
5174,11,2023-12-16,Screen off (locked),1
5175,11,2023-12-16,Screen on (locked),7
5177,11,2023-12-16,Screen on (locked),54
5178,11,2023-12-16,Screen off (locked),14
5179,11,2023-12-16,Screen on (locked),4
5183,11,2023-12-16,Screen on (locked),1
5186,11,2023-12-16,Screen off (locked),2
5187,11,2023-12-16,Screen on (locked),2
5188,11,2023-12-16,Screen off (locked),4
5195,11,2023-12-16,Screen off (locked),9
5201,11,2023-12-16,Screen off (locked),1
5204,11,2023-12-16,Screen on (locked),1
5206,11,2023-12-16,Others,1
5210,11,2023-12-16,Others,1
5221,11,2023-12-16,Others,1
5225,11,2023-12-16,Screen off (locked),4
5227,11,2023-12-16,Screen off (locked),6
5233,12,2023-12-15,Screen off (locked),1
5262,12,2023-12-15,Screen off (locked),1
5309,12,2023-12-15,Screen off (locked),4
5317,12,2023-12-15,Screen off (locked),2
5332,12,2023-12-15,Screen off (locked),5
5337,12,2023-12-15,Screen off (locked),1
5345,12,2023-12-15,Screen off (locked),2
5356,12,2023-12-15,Screen off (locked),1
5362,12,2023-12-15,Screen off (locked),2
5367,12,2023-12-15,Screen off (locked),1
5372,12,2023-12-15,Facebook,1
5377,12,2023-12-15,Screen off (locked),1
5431,12,2023-12-15,Messenger,2
5437,12,2023-12-15,Maps,1
5440,12,2023-12-15,Screen off (locked),3
5446,12,2023-12-15,Screen off (locked),2
5452,12,2023-12-15,Screen off (locked),9
5453,12,2023-12-15,Messenger,1
5455,12,2023-12-15,Screen off (locked),2
5460,12,2023-12-15,Screen off (locked),2
5462,12,2023-12-15,Screen on (unlocked),2
5465,12,2023-12-15,Screen off (locked),6
5467,12,2023-12-15,Messenger,1
5470,12,2023-12-15,Screen off (locked),7
5471,12,2023-12-15,Messenger,2
5473,12,2023-12-15,Messenger,1
5476,12,2023-12-15,Screen off (locked),6
5485,12,2023-12-15,Facebook,1
5489,12,2023-12-15,Screen off (locked),1
5491,12,2023-12-15,Messenger,3
5496,12,2023-12-15,Screen off (locked),1
5505,12,2023-12-15,Screen off (locked),18
5506,12,2023-12-15,Facebook,9
5511,12,2023-12-15,Discord,2
5515,12,2023-12-15,Screen off (locked),7
5521,12,2023-12-15,Screen off (locked),86
5522,12,2023-12-15,Facebook,10
5524,12,2023-12-15,Maps,1
5536,12,2023-12-15,Facebook,3
5540,12,2023-12-15,Chrome,4
5541,12,2023-12-15,Facebook,5
5544,12,2023-12-15,Screen off (locked),39
5548,12,2023-12-15,Screen off (locked),3
5552,12,2023-12-15,Screen off,160
5553,12,2023-12-15,Discord,5
5560,12,2023-12-15,Discord,1
5563,12,2023-12-15,Screen off (locked),2
5568,12,2023-12-15,Screen off (locked),19
5569,12,2023-12-15,Discord,1
5578,12,2023-12-15,Screen off (locked),1
5587,12,2023-12-15,Screen off (locked),1
5589,12,2023-12-15,Screen off (locked),2
5590,12,2023-12-15,Facebook,4
5592,12,2023-12-15,Facebook,2
5597,12,2023-12-15,Facebook,5
5602,12,2023-12-15,Screen off (locked),69
5603,12,2023-12-15,Facebook,6
5614,12,2023-12-15,Facebook,3
5615,12,2023-12-15,Messenger,1
5617,12,2023-12-15,Messenger,3
5623,12,2023-12-15,Facebook,1
5625,12,2023-12-15,Facebook,1
5629,12,2023-12-15,Facebook,2
5630,12,2023-12-15,Facebook,1
5632,12,2023-12-15,Messenger,1
5633,12,2023-12-15,Zalo,2
5635,12,2023-12-15,Screen on (locked),5
5636,12,2023-12-15,Screen off (locked),6
5640,12,2023-12-15,Screen off (locked),2
5662,12,2023-12-15,Screen off (locked),10
5665,12,2023-12-15,Screen off (locked),4
5666,12,2023-12-15,Messenger,1
5669,12,2023-12-15,Screen off (locked),7
5674,12,2023-12-15,Screen off (locked),1
5680,12,2023-12-15,Screen off (locked),2
5684,12,2023-12-15,Screen off (locked),7
5689,12,2023-12-15,Messenger,2
5693,12,2023-12-15,Screen off (locked),1
5701,12,2023-12-15,Screen off (locked),1
5703,12,2023-12-15,Screen off (locked),7
5710,12,2023-12-15,Screen off (locked),1
5724,12,2023-12-15,Messenger,1
5727,12,2023-12-15,Screen off (locked),70
5731,12,2023-12-15,Screen off (locked),9
5735,12,2023-12-15,Screen off (locked),45
5736,12,2023-12-15,Messenger,3
5738,12,2023-12-15,Messenger,1
5742,12,2023-12-15,Messenger,1
5746,12,2023-12-15,Screen off (locked),2
5757,12,2023-12-15,Others,1
5758,12,2023-12-15,Others,1
5766,12,2023-12-15,Screen off (locked),21
5767,12,2023-12-15,Messenger,5
5768,12,2023-12-15,Messenger,1
5771,12,2023-12-15,Messenger,2
5775,12,2023-12-15,Screen off (locked),13
5776,12,2023-12-15,Facebook,2
5778,12,2023-12-15,Facebook,2
5780,12,2023-12-15,Others,3
5783,12,2023-12-15,Facebook,1
5787,12,2023-12-15,Screen off (locked),3
5789,12,2023-12-15,Screen off (locked),30
5792,12,2023-12-15,Screen off (locked),58
5798,12,2023-12-15,Screen off (locked),396
5801,12,2023-12-15,Facebook,12
5804,13,2023-12-14,Screen off (locked),22
5805,13,2023-12-14,Facebook,1
5809,13,2023-12-14,Screen off (locked),1
5814,13,2023-12-14,Screen off (locked),8
5818,13,2023-12-14,Screen off (locked),5
5822,13,2023-12-14,Screen off (locked),1
5823,13,2023-12-14,Facebook,1
5826,13,2023-12-14,Screen off (locked),3
5830,13,2023-12-14,Screen off (locked),1
5839,13,2023-12-14,Screen off (locked),17
5843,13,2023-12-14,Screen off (locked),4
5844,13,2023-12-14,Facebook,1
5847,13,2023-12-14,Screen off (locked),2
5853,13,2023-12-14,Screen off (locked),33
5857,13,2023-12-14,Screen off (locked),16
5858,13,2023-12-14,Facebook,2
5863,13,2023-12-14,Screen off (locked),7
5867,13,2023-12-14,Screen off (locked),4
5868,13,2023-12-14,Facebook,1
5872,13,2023-12-14,Screen off (locked),54
5873,13,2023-12-14,Messenger,3
5880,13,2023-12-14,Facebook,2
5883,13,2023-12-14,Messenger,2
5885,13,2023-12-14,Messenger,1
5886,13,2023-12-14,Facebook,1
5888,13,2023-12-14,Facebook,5
5894,13,2023-12-14,Facebook,2
5896,13,2023-12-14,Facebook,1
5897,13,2023-12-14,Messenger,2
5898,13,2023-12-14,Facebook,1
5900,13,2023-12-14,Facebook,1
5904,13,2023-12-14,Facebook,2
5907,13,2023-12-14,Facebook,1
5910,13,2023-12-14,Facebook,1
5912,13,2023-12-14,Facebook,1
5913,13,2023-12-14,Facebook,1
5924,13,2023-12-14,Screen off (locked),2
5926,13,2023-12-14,Facebook,1
5929,13,2023-12-14,Screen off (locked),45
5932,13,2023-12-14,Screen off (locked),20
5933,13,2023-12-14,Facebook,2
5937,13,2023-12-14,Screen off (locked),9
5938,13,2023-12-14,Facebook,1
5941,13,2023-12-14,Screen off (locked),4
5946,13,2023-12-14,Screen off (locked),4
5952,13,2023-12-14,Facebook,1
5953,13,2023-12-14,Messenger,1
5955,13,2023-12-14,Messenger,1
5959,13,2023-12-14,Screen off (locked),10
5964,13,2023-12-14,Screen off (locked),3
5966,13,2023-12-14,Facebook,1
5970,13,2023-12-14,Facebook,1
5982,13,2023-12-14,Facebook,1
5986,13,2023-12-14,Facebook,1
5998,13,2023-12-14,Screen off (locked),1
6003,13,2023-12-14,Screen off (locked),1
6007,13,2023-12-14,Screen off (locked),10
6011,13,2023-12-14,Screen off (locked),9
6019,13,2023-12-14,Screen off (locked),6
6023,13,2023-12-14,Screen off (locked),7
6024,13,2023-12-14,Messenger,1
6027,13,2023-12-14,Screen off (locked),62
6029,13,2023-12-14,Screen off (locked),1
6034,13,2023-12-14,Screen off (locked),21
6038,13,2023-12-14,Screen off (locked),1
6049,13,2023-12-14,Messenger,1
6056,13,2023-12-14,Facebook,3
6060,13,2023-12-14,Facebook,1
6063,13,2023-12-14,Screen off (locked),1
6064,13,2023-12-14,Facebook,1
6069,13,2023-12-14,Messenger,1
6083,13,2023-12-14,Screen off (locked),4
6087,13,2023-12-14,Screen off (locked),21
6089,13,2023-12-14,Screen off (locked),68
6094,13,2023-12-14,Screen off (locked),1
6106,13,2023-12-14,Screen off (locked),2
6111,13,2023-12-14,Screen off (locked),1
6112,13,2023-12-14,Facebook,1
6120,13,2023-12-14,Screen off (locked),3
6121,13,2023-12-14,Facebook,1
6124,13,2023-12-14,Screen off (locked),4
6125,13,2023-12-14,Facebook,6
6129,13,2023-12-14,Facebook,4
6133,13,2023-12-14,Screen off (locked),45
6141,13,2023-12-14,Facebook,2
6143,13,2023-12-14,Facebook,1
6145,13,2023-12-14,Facebook,2
6146,13,2023-12-14,Zalo,1
6149,13,2023-12-14,Screen off (locked),1
6151,13,2023-12-14,Facebook,1
6153,13,2023-12-14,Facebook,3
6155,13,2023-12-14,Facebook,1
6156,13,2023-12-14,Messenger,1
6162,13,2023-12-14,Screen on (locked),9
6165,13,2023-12-14,Screen off (locked),4
6169,13,2023-12-14,Screen off (locked),14
6170,13,2023-12-14,Messenger,2
6173,13,2023-12-14,Screen off (locked),14
6177,13,2023-12-14,Screen off (locked),1
6182,13,2023-12-14,Screen off (locked),3
6187,13,2023-12-14,Screen off (locked),4
6191,13,2023-12-14,Screen off (locked),19
6198,13,2023-12-14,Messenger,2
6202,13,2023-12-14,Screen off (locked),35
6206,13,2023-12-14,Screen off (locked),29
6218,13,2023-12-14,Screen off (locked),1
6228,13,2023-12-14,Screen off (locked),1
6229,13,2023-12-14,Others,1
6240,13,2023-12-14,Screen off (locked),30
6251,13,2023-12-14,Screen off (locked),63
6255,13,2023-12-14,Screen off (locked),3
6262,13,2023-12-14,Screen off (locked),1
6267,13,2023-12-14,Screen off (locked),1
6272,13,2023-12-14,Screen off (locked),1
6274,13,2023-12-14,Facebook,1
6282,13,2023-12-14,Screen off (locked),3
6283,13,2023-12-14,Messenger,1
6288,13,2023-12-14,Screen off (locked),4
6291,13,2023-12-14,Messenger,7
6298,13,2023-12-14,Facebook,3
6303,13,2023-12-14,Screen off (locked),8
6306,13,2023-12-14,Facebook,1
6307,13,2023-12-14,Messenger,1
6308,13,2023-12-14,Facebook,1
6322,13,2023-12-14,Chrome,1
6323,13,2023-12-14,Facebook,2
6328,13,2023-12-14,Screen off (locked),7
6332,13,2023-12-14,Screen off (locked),415
6334,13,2023-12-14,Facebook,4
6335,14,2023-12-13,Facebook,1
6340,14,2023-12-13,Screen off (locked),7
6341,14,2023-12-13,Facebook,4
6345,14,2023-12-13,Screen off (locked),20
6350,14,2023-12-13,Screen off (locked),54
6355,14,2023-12-13,Screen off (locked),16
6362,14,2023-12-13,Screen off,9
6363,14,2023-12-13,Messenger,5
6373,14,2023-12-13,Screen off (locked),15
6377,14,2023-12-13,Screen off (locked),36
6378,14,2023-12-13,Facebook,1
6381,14,2023-12-13,Screen off (locked),4
6382,14,2023-12-13,Facebook,1
6385,14,2023-12-13,Screen off (locked),5
6386,14,2023-12-13,Facebook,4
6389,14,2023-12-13,Screen off (locked),5
6390,14,2023-12-13,Facebook,1
6393,14,2023-12-13,Screen off (locked),8
6403,14,2023-12-13,Screen off (locked),17
6406,14,2023-12-13,Messenger,1
6410,14,2023-12-13,Screen off (locked),2
6411,14,2023-12-13,Facebook,8
6419,14,2023-12-13,Screen off (locked),38
6421,14,2023-12-13,Outlook,2
6431,14,2023-12-13,Messenger,1
6434,14,2023-12-13,Facebook,2
6435,14,2023-12-13,Messenger,1
6441,14,2023-12-13,Messenger,1
6442,14,2023-12-13,Facebook,1
6445,14,2023-12-13,Messenger,1
6446,14,2023-12-13,Facebook,3
6449,14,2023-12-13,Messenger,1
6452,14,2023-12-13,Outlook,1
6456,14,2023-12-13,Facebook,12
6457,14,2023-12-13,Facebook,1
6474,14,2023-12-13,Screen off (locked),12
6475,14,2023-12-13,Zalo,28
6476,14,2023-12-13,Facebook,4
6478,14,2023-12-13,Facebook,2
6481,14,2023-12-13,Facebook,1
6491,14,2023-12-13,Screen off (locked),9
6495,14,2023-12-13,Screen off (locked),21
6509,14,2023-12-13,Screen off (locked),2
6513,14,2023-12-13,Screen off (locked),59
6514,14,2023-12-13,Others,1
6517,14,2023-12-13,Screen off (locked),2
6525,14,2023-12-13,Screen off (locked),5
6533,14,2023-12-13,Screen off (locked),1
6537,14,2023-12-13,Screen off (locked),19
6538,14,2023-12-13,Others,2
6541,14,2023-12-13,Screen off (locked),9
6545,14,2023-12-13,Screen off (locked),1
6546,14,2023-12-13,Others,1
6549,14,2023-12-13,Screen off (locked),1
6554,14,2023-12-13,Others,2
6574,14,2023-12-13,Screen off (locked),5
6575,14,2023-12-13,Others,1
6579,14,2023-12-13,Screen off (locked),3
6584,14,2023-12-13,Screen off (locked),2
6587,14,2023-12-13,Screen off (locked),41
6591,14,2023-12-13,Screen off (locked),2
6592,14,2023-12-13,Facebook,1
6594,14,2023-12-13,Screen off (locked),2
6595,14,2023-12-13,Facebook,1
6600,14,2023-12-13,Facebook,1
6605,14,2023-12-13,Zalo,1
6622,14,2023-12-13,Messenger,2
6626,14,2023-12-13,Screen off (locked),3
6639,14,2023-12-13,Screen off (locked),1
6652,14,2023-12-13,Screen off (locked),23
6660,14,2023-12-13,Screen off (locked),2
6664,14,2023-12-13,Screen off (locked),4
6668,14,2023-12-13,Facebook,1
6674,14,2023-12-13,Screen off (locked),1
6683,14,2023-12-13,Screen off (locked),1
6684,14,2023-12-13,Facebook,1
6687,14,2023-12-13,Screen off (locked),1
6690,14,2023-12-13,Screen off (locked),2
6694,14,2023-12-13,Screen off (locked),2
6700,14,2023-12-13,Screen off (locked),3
6704,14,2023-12-13,Screen off (locked),17
6705,14,2023-12-13,Messenger,1
6708,14,2023-12-13,Screen off (locked),23
6712,14,2023-12-13,Screen off (locked),30
6715,14,2023-12-13,Screen off (locked),2
6718,14,2023-12-13,Screen off (locked),1
6719,14,2023-12-13,Zalo,1
6724,14,2023-12-13,Screen off (locked),8
6725,14,2023-12-13,Messenger,1
6728,14,2023-12-13,Screen off (locked),33
6731,14,2023-12-13,Screen off (locked),1
6736,14,2023-12-13,Screen off (locked),38
6742,14,2023-12-13,Screen off (locked),2
6745,14,2023-12-13,Screen off (locked),4
6747,14,2023-12-13,Facebook,2
6750,14,2023-12-13,Messenger,1
6757,14,2023-12-13,Screen off (locked),2
6762,14,2023-12-13,Screen off (locked),7
6763,14,2023-12-13,Facebook,4
6765,14,2023-12-13,Screen off (locked),2
6766,14,2023-12-13,Facebook,4
6769,14,2023-12-13,Facebook,2
6772,14,2023-12-13,Screen off (locked),7
6773,14,2023-12-13,Messenger,5
6777,14,2023-12-13,Facebook,2
6781,14,2023-12-13,Screen off (locked),8
6783,14,2023-12-13,Chrome,15
6785,14,2023-12-13,Chrome,1
6786,14,2023-12-13,Facebook,16
6790,14,2023-12-13,Facebook,3
6792,14,2023-12-13,Facebook,4
6798,15,2023-12-12,Screen off (locked),517
6799,15,2023-12-12,Facebook,2
6803,15,2023-12-12,Facebook,16
6805,15,2023-12-12,Messenger,1
6808,15,2023-12-12,Screen off (locked),68
6812,15,2023-12-12,Facebook,3
6814,15,2023-12-12,Screen off (locked),9
6815,15,2023-12-12,Facebook,2
6817,15,2023-12-12,Screen off (locked),12
6822,15,2023-12-12,Screen off (locked),85
6823,15,2023-12-12,Facebook,1
6826,15,2023-12-12,Screen off (locked),2
6827,15,2023-12-12,Messenger,4
6830,15,2023-12-12,Screen off (locked),30
6831,15,2023-12-12,Facebook,4
6834,15,2023-12-12,Screen off (locked),13
6835,15,2023-12-12,Outlook,5
6837,15,2023-12-12,Screen off (locked),2
6838,15,2023-12-12,Messenger,5
6841,15,2023-12-12,Screen off (locked),96
6844,15,2023-12-12,Screen off (locked),5
6845,15,2023-12-12,Others,2
6847,15,2023-12-12,Screen off (locked),5
6848,15,2023-12-12,Others,6
6851,15,2023-12-12,Screen off (locked),15
6856,15,2023-12-12,Screen off (locked),18
6860,15,2023-12-12,Screen off (locked),6
6864,15,2023-12-12,Screen off (locked),7
6865,15,2023-12-12,Messenger,7
6868,15,2023-12-12,Screen off (locked),1
6869,15,2023-12-12,Facebook,6
6871,15,2023-12-12,Facebook,2
6877,15,2023-12-12,Screen off (locked),11
6880,15,2023-12-12,Screen off (locked),1
6881,15,2023-12-12,Others,5
6883,15,2023-12-12,Screen off (locked),3
6884,15,2023-12-12,Others,5
6889,15,2023-12-12,Others,5
6891,15,2023-12-12,Others,7
6893,15,2023-12-12,Screen off (locked),2
6894,15,2023-12-12,Others,3
6897,15,2023-12-12,Screen off (locked),13
6898,15,2023-12-12,Others,3
6900,15,2023-12-12,Messenger,4
6901,15,2023-12-12,Facebook,1
6903,15,2023-12-12,Facebook,2
6905,15,2023-12-12,Screen off (locked),8
6906,15,2023-12-12,Facebook,15
6908,15,2023-12-12,Facebook,1
6911,15,2023-12-12,Screen off (locked),84
6915,15,2023-12-12,Screen off (locked),8
6916,15,2023-12-12,Facebook,3
6918,15,2023-12-12,Facebook,1
6920,15,2023-12-12,Facebook,1
6922,15,2023-12-12,Screen off (locked),1
6925,15,2023-12-12,Screen off (locked),7
6929,15,2023-12-12,Screen off (locked),6
6933,15,2023-12-12,Screen off (locked),6
6937,15,2023-12-12,Screen off (locked),3
6941,15,2023-12-12,Screen off (locked),1
6946,15,2023-12-12,Screen off (locked),1
6948,15,2023-12-12,Facebook,3
6951,15,2023-12-12,Screen off (locked),1
6960,15,2023-12-12,Facebook,2
6963,15,2023-12-12,Screen off (locked),3
6970,15,2023-12-12,Screen off (locked),6
6971,15,2023-12-12,Facebook,1
6974,15,2023-12-12,Screen off (locked),1
6977,15,2023-12-12,Screen off (locked),12
6978,15,2023-12-12,Messenger,2
6980,15,2023-12-12,Screen off (locked),7
6984,15,2023-12-12,Screen off (locked),54
6992,15,2023-12-12,Screen off (locked),7
6993,15,2023-12-12,Messenger,7
6996,15,2023-12-12,Screen off (locked),1
7000,15,2023-12-12,Screen off (locked),4
7001,15,2023-12-12,Messenger,1
7005,15,2023-12-12,Screen off (locked),1
7006,15,2023-12-12,Chrome,1
7009,15,2023-12-12,Screen off (locked),1
7012,15,2023-12-12,Messenger,1
7016,15,2023-12-12,Screen off (locked),1
7020,15,2023-12-12,Screen off (locked),19
7024,15,2023-12-12,Screen off (locked),6
7025,15,2023-12-12,Others,1
7027,15,2023-12-12,Screen off (locked),12
7028,15,2023-12-12,Others,1
7031,15,2023-12-12,Others,1
7033,15,2023-12-12,Others,1
7034,15,2023-12-12,Others,1
7035,15,2023-12-12,Others,1
7041,15,2023-12-12,Screen off (locked),7
7042,15,2023-12-12,Facebook,18
7049,15,2023-12-12,Facebook,1
7055,15,2023-12-12,Screen off (locked),4
7061,15,2023-12-12,Screen off (locked),118
7069,15,2023-12-12,Screen off (locked),337
7070,15,2023-12-12,Facebook,16
7073,16,2023-12-11,Screen off (locked),8
7075,16,2023-12-11,Facebook,1
7077,16,2023-12-11,Screen off (locked),24
7082,16,2023-12-11,Screen off (locked),9
7085,16,2023-12-11,Others,1
7089,16,2023-12-11,Screen off (locked),126
7093,16,2023-12-11,Screen off (locked),4
7096,16,2023-12-11,Screen off (locked),12
7100,16,2023-12-11,Screen off (locked),56
7102,16,2023-12-11,Chrome,1
7103,16,2023-12-11,Facebook,51
7104,16,2023-12-11,Others,1
7107,16,2023-12-11,Screen off (locked),18
7118,16,2023-12-11,Facebook,2
7124,16,2023-12-11,Screen off (locked),1
7133,16,2023-12-11,Messenger,1
7139,16,2023-12-11,Others,4
7149,16,2023-12-11,Others,3
7153,16,2023-12-11,Others,3
7158,16,2023-12-11,Others,1
7167,16,2023-12-11,Facebook,6
7170,16,2023-12-11,Facebook,1
7174,16,2023-12-11,Others,1
7180,16,2023-12-11,Others,2
7191,16,2023-12-11,Screen off (locked),2
7201,16,2023-12-11,Zalo,1
7224,16,2023-12-11,Others,2
7226,16,2023-12-11,Others,1
7232,16,2023-12-11,Screen off (locked),1
7236,16,2023-12-11,Screen off (locked),3
7240,16,2023-12-11,Screen off (locked),2
7245,16,2023-12-11,Screen off (locked),16
7250,16,2023-12-11,Screen off (locked),5
7259,16,2023-12-11,Screen off (locked),3
7266,16,2023-12-11,Screen off (locked),9
7271,16,2023-12-11,Screen off (locked),4
7273,16,2023-12-11,Facebook,1
7275,16,2023-12-11,Screen off (locked),3
7277,16,2023-12-11,Others,1
7281,16,2023-12-11,Facebook,7
7285,16,2023-12-11,Messenger,1
7286,16,2023-12-11,Facebook,2
7289,16,2023-12-11,Facebook,4
7291,16,2023-12-11,Facebook,1
7292,16,2023-12-11,Messenger,1
7297,16,2023-12-11,Screen off (locked),87
7300,16,2023-12-11,Screen off (locked),31
7303,16,2023-12-11,Screen off (locked),2
7307,16,2023-12-11,Screen off (locked),1
7310,16,2023-12-11,Screen off (locked),41
7311,16,2023-12-11,Others,1
7313,16,2023-12-11,Screen off (locked),5
7317,16,2023-12-11,Screen off (locked),16
7320,16,2023-12-11,Screen off (locked),22
7324,16,2023-12-11,Screen off (locked),97
7329,16,2023-12-11,Screen off (locked),169
7334,16,2023-12-11,Screen off (locked),1
7338,16,2023-12-11,Screen off (locked),4
7339,16,2023-12-11,Others,2
7357,16,2023-12-11,Screen off (locked),1
7367,16,2023-12-11,Screen off (locked),16
7370,16,2023-12-11,Facebook,1
7379,16,2023-12-11,Facebook,4
7381,16,2023-12-11,Outlook,1
7383,16,2023-12-11,Facebook,2
7386,16,2023-12-11,Facebook,1
7389,16,2023-12-11,Screen off (locked),17
7392,16,2023-12-11,Screen off (locked),59
7395,17,2023-12-10,Screen off (locked),397
7405,17,2023-12-10,Screen off (locked),43
7408,17,2023-12-10,Screen off (locked),5
7410,17,2023-12-10,Facebook,2
7414,17,2023-12-10,Screen off (locked),84
7418,17,2023-12-10,Screen off (locked),1
7419,17,2023-12-10,Facebook,2
7420,17,2023-12-10,Messenger,1
7423,17,2023-12-10,Screen off (locked),150
7431,17,2023-12-10,Screen off (locked),14
7435,17,2023-12-10,Screen off (locked),17
7439,17,2023-12-10,Screen off (locked),4
7443,17,2023-12-10,Screen off (locked),22
7445,17,2023-12-10,Zalo,4
7447,17,2023-12-10,Screen off (locked),9
7451,17,2023-12-10,Screen off (locked),6
7453,17,2023-12-10,Messenger,1
7456,17,2023-12-10,Screen off (locked),3
7459,17,2023-12-10,Screen off (locked),33
7461,17,2023-12-10,Facebook,12
7462,17,2023-12-10,Facebook,1
7466,17,2023-12-10,Screen off (locked),27
7468,17,2023-12-10,Messenger,1
7471,17,2023-12-10,Facebook,4
7474,17,2023-12-10,Messenger,2
7476,17,2023-12-10,Facebook,1
7479,17,2023-12-10,Zalo,1
7482,17,2023-12-10,Screen off (locked),74
7486,17,2023-12-10,Screen off (locked),76
7491,17,2023-12-10,Screen off (locked),1
7492,17,2023-12-10,Messenger,1
7495,17,2023-12-10,Screen off (locked),10
7501,17,2023-12-10,Screen off (locked),5
7509,17,2023-12-10,Messenger,2
7513,17,2023-12-10,Messenger,1
7514,17,2023-12-10,Facebook,2
7515,17,2023-12-10,Zalo,3
7516,17,2023-12-10,Facebook,3
7517,17,2023-12-10,Others,2
7521,17,2023-12-10,Messenger,1
7525,17,2023-12-10,Screen off (locked),2
7528,17,2023-12-10,Screen off (locked),5
7529,17,2023-12-10,Messenger,1
7535,17,2023-12-10,Screen off (locked),17
7536,17,2023-12-10,Zalo,6
7537,17,2023-12-10,Zalo,1
7541,17,2023-12-10,Screen off (locked),21
7545,17,2023-12-10,Screen off (locked),1
7547,17,2023-12-10,Chrome,1
7548,17,2023-12-10,Facebook,2
7550,17,2023-12-10,Facebook,1
7552,17,2023-12-10,Facebook,1
7559,17,2023-12-10,Messenger,1
7561,17,2023-12-10,Screen off (locked),6
7562,17,2023-12-10,Messenger,1
7565,17,2023-12-10,Screen off (locked),5
7568,17,2023-12-10,Screen off (locked),12
7569,17,2023-12-10,Facebook,1
7576,17,2023-12-10,Screen off (locked),2
7577,17,2023-12-10,Facebook,1
7579,17,2023-12-10,Screen off (locked),20
7580,17,2023-12-10,Facebook,2
7582,17,2023-12-10,Screen off (locked),1
7584,17,2023-12-10,Chrome,1
7585,17,2023-12-10,Facebook,9
7593,17,2023-12-10,Screen off (locked),14
7594,17,2023-12-10,Messenger,8
7597,17,2023-12-10,Screen off (locked),7
7598,17,2023-12-10,Facebook,33
7601,17,2023-12-10,Screen off (locked),102
7609,18,2023-12-09,Screen off (locked),440
7610,18,2023-12-09,Facebook,19
7612,18,2023-12-09,Screen off (locked),30
7613,18,2023-12-09,Facebook,4
7617,18,2023-12-09,Screen off (locked),18
7620,18,2023-12-09,Screen off (locked),1
7624,18,2023-12-09,Screen off (locked),11
7636,18,2023-12-09,Screen off (locked),3
7639,18,2023-12-09,Screen off (locked),2
7642,18,2023-12-09,Screen off (locked),3
7645,18,2023-12-09,Screen off (locked),7
7646,18,2023-12-09,Maps,3
7649,18,2023-12-09,Maps,1
7658,18,2023-12-09,Screen off (locked),4
7663,18,2023-12-09,Screen off (locked),3
7670,18,2023-12-09,Screen off (locked),10
7674,18,2023-12-09,Screen off (locked),4
7675,18,2023-12-09,Camera,1
7678,18,2023-12-09,Screen off (locked),9
7681,18,2023-12-09,Screen off (locked),2
7684,18,2023-12-09,Screen off (locked),7
7687,18,2023-12-09,Screen off (locked),21
7690,18,2023-12-09,Screen off (locked),1
7693,18,2023-12-09,Screen off (locked),2
7703,18,2023-12-09,Screen off (locked),10
7704,18,2023-12-09,Camera,1
7707,18,2023-12-09,Screen off (locked),1
7713,18,2023-12-09,Screen off (locked),4
7716,18,2023-12-09,Screen off (locked),3
7726,18,2023-12-09,Screen off (locked),5
7729,18,2023-12-09,Screen off (locked),2
7732,18,2023-12-09,Screen off (locked),2
7733,18,2023-12-09,Chrome,1
7735,18,2023-12-09,Screen off (locked),5
7736,18,2023-12-09,Camera,1
7739,18,2023-12-09,Screen off (locked),1
7749,18,2023-12-09,Screen off (locked),4
7755,18,2023-12-09,Screen off (locked),5
7756,18,2023-12-09,Chrome,1
7759,18,2023-12-09,Screen off (locked),1
7765,18,2023-12-09,Camera,1
7803,18,2023-12-09,Screen off (locked),2
7809,18,2023-12-09,Screen off (locked),1
7821,18,2023-12-09,Screen off (locked),3
7825,18,2023-12-09,Screen off (locked),4
7826,18,2023-12-09,Chrome,1
7828,18,2023-12-09,Screen off (locked),2
7832,18,2023-12-09,Screen off (locked),1
7833,18,2023-12-09,Chrome,1
7841,18,2023-12-09,Screen off (locked),1
7842,18,2023-12-09,Chrome,9
7847,18,2023-12-09,Screen off (locked),1
7854,18,2023-12-09,Screen off (locked),11
7861,18,2023-12-09,Screen off (locked),1
7866,18,2023-12-09,Screen off (locked),4
7869,18,2023-12-09,Screen off (locked),2
7872,18,2023-12-09,Screen off (locked),1
7878,18,2023-12-09,Screen off (locked),2
7881,18,2023-12-09,Screen off (locked),1
7888,18,2023-12-09,Screen off (locked),2
7899,18,2023-12-09,Screen off (locked),1
7900,18,2023-12-09,Chrome,1
7902,18,2023-12-09,Screen off (locked),6
7905,18,2023-12-09,Screen off (locked),11
7906,18,2023-12-09,Chrome,1
7908,18,2023-12-09,Screen off (locked),3
7915,18,2023-12-09,Screen off (locked),1
7921,18,2023-12-09,Screen off (locked),1
7922,18,2023-12-09,Chrome,1
7931,18,2023-12-09,Screen off (locked),2
7934,18,2023-12-09,Screen off (locked),3
7938,18,2023-12-09,Screen off (locked),1
7946,18,2023-12-09,Messenger,1
7949,18,2023-12-09,Screen off (locked),1
7952,18,2023-12-09,Screen off (locked),1
7958,18,2023-12-09,Screen off (locked),3
7964,18,2023-12-09,Screen off (locked),3
7967,18,2023-12-09,Screen off (locked),1
7971,18,2023-12-09,Screen off (locked),1
7974,18,2023-12-09,Screen off (locked),3
7984,18,2023-12-09,Chrome,1
7992,18,2023-12-09,Screen off (locked),2
7995,18,2023-12-09,Screen off (locked),1
7998,18,2023-12-09,Screen off (locked),2
8001,18,2023-12-09,Screen off (locked),3
8004,18,2023-12-09,Screen off (locked),4
8007,18,2023-12-09,Screen off (locked),1
8010,18,2023-12-09,Screen off (locked),1
8018,18,2023-12-09,Screen off (locked),104
8023,18,2023-12-09,Chrome,1
8026,18,2023-12-09,Screen off (locked),5
8027,18,2023-12-09,Messenger,9
8039,18,2023-12-09,Messenger,1
8041,18,2023-12-09,Screen off (locked),7
8045,18,2023-12-09,Screen off (locked),16
8051,18,2023-12-09,Messenger,1
8060,18,2023-12-09,Messenger,1
8062,18,2023-12-09,Screen off (locked),21
8065,18,2023-12-09,Screen off (locked),1
8071,18,2023-12-09,Screen off (locked),118
8075,18,2023-12-09,Screen off (locked),30
8085,18,2023-12-09,Messenger,1
8089,18,2023-12-09,Screen off (locked),3
8097,18,2023-12-09,Screen off (locked),3
8100,18,2023-12-09,Screen off (locked),1
8101,18,2023-12-09,Messenger,1
8102,18,2023-12-09,Zalo,1
8113,18,2023-12-09,Screen off (locked),1
8119,18,2023-12-09,Facebook,7
8120,18,2023-12-09,Zalo,7
8124,18,2023-12-09,Screen off (locked),20
8127,18,2023-12-09,Screen off (locked),6
8130,18,2023-12-09,Screen off (locked),1
8133,18,2023-12-09,Screen off (locked),4
8137,18,2023-12-09,Screen off (locked),7
8138,18,2023-12-09,Facebook,1
8141,18,2023-12-09,Screen off (locked),4
8145,18,2023-12-09,Screen off (locked),17
8146,18,2023-12-09,Zalo,4
8148,18,2023-12-09,Screen off (locked),21
8155,18,2023-12-09,Messenger,3
8157,18,2023-12-09,Facebook,1
8158,18,2023-12-09,Messenger,1
8159,18,2023-12-09,Messenger,1
8160,18,2023-12-09,Facebook,1
8161,18,2023-12-09,Messenger,4
8163,18,2023-12-09,Screen off (locked),10
8165,18,2023-12-09,Facebook,1
8167,18,2023-12-09,Facebook,1
8170,18,2023-12-09,Messenger,1
8178,18,2023-12-09,Messenger,1
8180,18,2023-12-09,Messenger,2
8182,18,2023-12-09,Messenger,2
8186,18,2023-12-09,Messenger,1
8188,18,2023-12-09,Messenger,4
8191,18,2023-12-09,Screen off (locked),51
8195,18,2023-12-09,Screen off (locked),403
8196,18,2023-12-09,Facebook,1
8200,18,2023-12-09,Facebook,1
8202,18,2023-12-09,Others,2
8206,19,2023-12-08,Screen off (locked),12
8210,19,2023-12-08,Screen off (locked),1
8211,19,2023-12-08,Messenger,16
8214,19,2023-12-08,Screen off (locked),6
8215,19,2023-12-08,Facebook,1
8217,19,2023-12-08,Facebook,1
8224,19,2023-12-08,Messenger,1
8225,19,2023-12-08,Facebook,1
8226,19,2023-12-08,Messenger,4
8232,19,2023-12-08,Screen off (locked),63
8234,19,2023-12-08,Messenger,1
8241,19,2023-12-08,Messenger,10
8250,19,2023-12-08,Screen off (locked),1
8254,19,2023-12-08,Screen off (locked),16
8258,19,2023-12-08,Screen off (locked),11
8261,19,2023-12-08,Screen off (locked),1
8262,19,2023-12-08,Messenger,1
8264,19,2023-12-08,Screen off (locked),7
8265,19,2023-12-08,Messenger,1
8267,19,2023-12-08,Screen off (locked),6
8268,19,2023-12-08,Messenger,1
8270,19,2023-12-08,Screen off (locked),4
8274,19,2023-12-08,Screen off (locked),5
8278,19,2023-12-08,Screen off (locked),141
8279,19,2023-12-08,Facebook,4
8281,19,2023-12-08,Facebook,4
8283,19,2023-12-08,Facebook,1
8288,19,2023-12-08,Messenger,1
8291,19,2023-12-08,Messenger,1
8292,19,2023-12-08,Facebook,1
8293,19,2023-12-08,Messenger,1
8297,19,2023-12-08,Facebook,1
8298,19,2023-12-08,Messenger,1
8299,19,2023-12-08,Facebook,7
8301,19,2023-12-08,Facebook,36
8303,19,2023-12-08,Screen off (locked),1
8304,19,2023-12-08,Facebook,18
8308,19,2023-12-08,Screen off (locked),1
8317,19,2023-12-08,Messenger,1
8319,19,2023-12-08,Messenger,1
8321,19,2023-12-08,Screen off (locked),3
8327,19,2023-12-08,Screen off (locked),2
8331,19,2023-12-08,Screen off (locked),4
8335,19,2023-12-08,Screen off (locked),1
8338,19,2023-12-08,Screen off (locked),3
8344,19,2023-12-08,Screen off (locked),14
8350,19,2023-12-08,Screen off (locked),2
8353,19,2023-12-08,Screen off (locked),6
8360,19,2023-12-08,Messenger,1
8362,19,2023-12-08,Screen off (locked),44
8363,19,2023-12-08,Messenger,1
8366,19,2023-12-08,Messenger,1
8368,19,2023-12-08,Screen off (locked),1
8369,19,2023-12-08,Messenger,2
8372,19,2023-12-08,Screen off (locked),5
8379,19,2023-12-08,Screen off (locked),67
8380,19,2023-12-08,Messenger,1
8384,19,2023-12-08,Screen off (locked),4
8387,19,2023-12-08,Screen off (locked),2
8391,19,2023-12-08,Screen off (locked),3
8395,19,2023-12-08,Screen off (locked),1
8398,19,2023-12-08,Screen off (locked),4
8402,19,2023-12-08,Screen off (locked),10
8406,19,2023-12-08,Screen off (locked),3
8409,19,2023-12-08,Screen off (locked),2
8418,19,2023-12-08,Messenger,1
8420,19,2023-12-08,Messenger,1
8422,19,2023-12-08,Screen off (locked),1
8425,19,2023-12-08,Screen off (locked),4
8426,19,2023-12-08,Messenger,2
8428,19,2023-12-08,Messenger,4
8431,19,2023-12-08,Screen off (locked),1
8435,19,2023-12-08,Screen off (locked),1
8445,19,2023-12-08,Screen off (locked),3
8450,19,2023-12-08,Screen off (locked),21
8456,19,2023-12-08,Screen off (locked),3
8473,19,2023-12-08,Messenger,1
8476,19,2023-12-08,Messenger,3
8480,19,2023-12-08,Outlook,1
8481,19,2023-12-08,Messenger,10
8484,19,2023-12-08,Screen off (locked),1
8486,19,2023-12-08,Messenger,1
8494,19,2023-12-08,Screen off (locked),6
8503,19,2023-12-08,Screen off (locked),5
8504,19,2023-12-08,Messenger,1
8507,19,2023-12-08,Messenger,2
8510,19,2023-12-08,Screen off (locked),1
8511,19,2023-12-08,Outlook,1
8517,19,2023-12-08,Screen off (locked),7
8520,19,2023-12-08,Screen off (locked),16
8523,19,2023-12-08,Screen off (locked),50
8526,19,2023-12-08,Screen off (locked),1
8527,19,2023-12-08,Messenger,1
8529,19,2023-12-08,Screen off (locked),4
8530,19,2023-12-08,Messenger,1
8533,19,2023-12-08,Screen off (locked),30
8534,19,2023-12-08,Others,1
8539,19,2023-12-08,Screen off (locked),1
8542,19,2023-12-08,Screen off (locked),2
8546,19,2023-12-08,Messenger,2
8547,19,2023-12-08,Facebook,1
8550,19,2023-12-08,Facebook,1
8555,19,2023-12-08,Screen off (locked),1
8563,19,2023-12-08,Screen off (locked),14
8564,19,2023-12-08,Facebook,2
8566,19,2023-12-08,Facebook,2
8570,19,2023-12-08,Facebook,1
8576,19,2023-12-08,Screen off (locked),62
8580,19,2023-12-08,Screen off (locked),58
8584,20,2023-12-07,Screen off (locked),449
8588,20,2023-12-07,Screen off (locked),14
8595,20,2023-12-07,Screen off (locked),24
8600,20,2023-12-07,Screen off (locked),11
8601,20,2023-12-07,Facebook,20
8605,20,2023-12-07,Facebook,1
8608,20,2023-12-07,Screen off (locked),5
8611,20,2023-12-07,Facebook,1
8613,20,2023-12-07,Screen off (locked),6
8615,20,2023-12-07,Facebook,4
8618,20,2023-12-07,Screen off (locked),5
8622,20,2023-12-07,Screen off (locked),14
8626,20,2023-12-07,Screen off (locked),28
8627,20,2023-12-07,Others,1
8632,20,2023-12-07,Screen off (locked),33
8636,20,2023-12-07,Messenger,58
8644,20,2023-12-07,Screen off (locked),35
8647,20,2023-12-07,Screen off (locked),4
8651,20,2023-12-07,Facebook,3
8653,20,2023-12-07,Facebook,8
8655,20,2023-12-07,Facebook,12
8656,20,2023-12-07,Messenger,4
8657,20,2023-12-07,Facebook,6
8658,20,2023-12-07,Messenger,2
8661,20,2023-12-07,Screen off (locked),15
8662,20,2023-12-07,Facebook,27
8670,20,2023-12-07,Screen off (locked),11
8673,20,2023-12-07,Screen off (locked),6
8681,20,2023-12-07,Screen off (locked),2
8685,20,2023-12-07,Screen off (locked),3
8688,20,2023-12-07,Screen off (locked),2
8690,20,2023-12-07,Discord,1
8704,20,2023-12-07,Discord,1
8711,20,2023-12-07,Screen off (locked),1
8712,20,2023-12-07,Facebook,1
8718,20,2023-12-07,Screen off (locked),5
8719,20,2023-12-07,Messenger,1
8737,20,2023-12-07,Messenger,2
8741,20,2023-12-07,Screen off (locked),1
8750,20,2023-12-07,Screen off (locked),1
8763,20,2023-12-07,Screen off (locked),1
8766,20,2023-12-07,Screen off (locked),3
8767,20,2023-12-07,Messenger,1
8769,20,2023-12-07,Screen off (locked),10
8773,20,2023-12-07,Messenger,1
8779,20,2023-12-07,Screen off (locked),2
8782,20,2023-12-07,Screen off (locked),1
8787,20,2023-12-07,Messenger,1
8788,20,2023-12-07,Maps,1
8789,20,2023-12-07,Messenger,1
8795,20,2023-12-07,Screen off (locked),1
8826,20,2023-12-07,Screen off (locked),2
8862,20,2023-12-07,Screen off (locked),1
8865,20,2023-12-07,Screen off (locked),4
8880,20,2023-12-07,Messenger,2
8892,20,2023-12-07,Screen off (locked),1
8899,20,2023-12-07,Screen off (locked),4
8900,20,2023-12-07,Messenger,1
8902,20,2023-12-07,Screen off (locked),2
8906,20,2023-12-07,Facebook,1
8912,20,2023-12-07,Facebook,4
8918,20,2023-12-07,Screen off (locked),85
8919,20,2023-12-07,Facebook,13
8921,20,2023-12-07,Facebook,1
8923,20,2023-12-07,Facebook,1
8925,20,2023-12-07,Facebook,2
8927,20,2023-12-07,Facebook,1
8934,20,2023-12-07,Screen off (locked),1
8935,20,2023-12-07,Discord,1
8955,20,2023-12-07,Screen off (locked),1
8957,20,2023-12-07,Chrome,1
8959,20,2023-12-07,Chrome,2
8960,20,2023-12-07,Messenger,6
8971,20,2023-12-07,Screen off (locked),24
8978,20,2023-12-07,Screen off (locked),4
8991,20,2023-12-07,Outlook,1
8993,20,2023-12-07,Screen off (locked),2
8994,20,2023-12-07,Outlook,1
8996,20,2023-12-07,Screen off (locked),1
8999,20,2023-12-07,Screen off (locked),3
9002,20,2023-12-07,Screen off (locked),1
9006,20,2023-12-07,Screen off (locked),1
9009,20,2023-12-07,Screen off (locked),2
9012,20,2023-12-07,Screen off (locked),17
9015,20,2023-12-07,Screen off (locked),7
9018,20,2023-12-07,Screen off (locked),5
9019,20,2023-12-07,Messenger,1
9021,20,2023-12-07,Screen off (locked),18
9025,20,2023-12-07,Screen off (locked),34
9026,20,2023-12-07,Facebook,1
9027,20,2023-12-07,Messenger,1
9029,20,2023-12-07,Others,2
9033,20,2023-12-07,Screen off (locked),1
9034,20,2023-12-07,Others,2
9037,20,2023-12-07,Screen off (locked),3
9040,20,2023-12-07,Screen off (locked),1
9044,20,2023-12-07,Messenger,1
9046,20,2023-12-07,Screen off (locked),10
9049,20,2023-12-07,Screen off (locked),7
9053,20,2023-12-07,Screen off (locked),32
9056,20,2023-12-07,Screen off (locked),13
9063,20,2023-12-07,Screen off (locked),1
9064,20,2023-12-07,Facebook,2
9069,20,2023-12-07,Screen off (locked),1
9072,20,2023-12-07,Screen off (locked),2
9073,20,2023-12-07,Facebook,1
9075,20,2023-12-07,Screen off (locked),1
9079,20,2023-12-07,Screen off (locked),1
9080,20,2023-12-07,Facebook,1
9082,20,2023-12-07,Screen off (locked),12
9083,20,2023-12-07,Facebook,3
9085,20,2023-12-07,Facebook,6
9093,20,2023-12-07,Screen off (locked),30
9101,21,2023-12-06,Screen off (locked),488
9102,21,2023-12-06,Others,3
9105,21,2023-12-06,Screen off (locked),8
9106,21,2023-12-06,Facebook,1
9109,21,2023-12-06,Screen off (locked),1
9113,21,2023-12-06,Screen off (locked),18
9119,21,2023-12-06,Screen off (locked),8
9120,21,2023-12-06,Facebook,4
9122,21,2023-12-06,Screen off (locked),29
9125,21,2023-12-06,Screen off (locked),10
9126,21,2023-12-06,Facebook,2
9129,21,2023-12-06,Facebook,1
9131,21,2023-12-06,Screen off (locked),7
9134,21,2023-12-06,Screen off (locked),15
9137,21,2023-12-06,Screen off (locked),23
9138,21,2023-12-06,Facebook,1
9141,21,2023-12-06,Screen off (locked),42
9145,21,2023-12-06,Screen off (locked),14
9148,21,2023-12-06,Screen off (locked),12
9154,21,2023-12-06,Screen off (locked),11
9155,21,2023-12-06,Discord,2
9157,21,2023-12-06,Screen off (locked),6
9161,21,2023-12-06,Screen off (locked),1
9163,21,2023-12-06,Discord,1
9164,21,2023-12-06,Facebook,29
9166,21,2023-12-06,Screen off (locked),5
9170,21,2023-12-06,Screen off (locked),39
9172,21,2023-12-06,Screen off (locked),1
9173,21,2023-12-06,Outlook,5
9181,21,2023-12-06,Screen off (locked),38
9182,21,2023-12-06,Facebook,1
9185,21,2023-12-06,Facebook,2
9186,21,2023-12-06,Facebook,2
9188,21,2023-12-06,Others,3
9189,21,2023-12-06,Facebook,2
9192,21,2023-12-06,Facebook,1
9193,21,2023-12-06,Messenger,1
9198,21,2023-12-06,Screen off (locked),80
9201,21,2023-12-06,Screen off (locked),15
9202,21,2023-12-06,Facebook,2
9203,21,2023-12-06,Others,1
9206,21,2023-12-06,Facebook,12
9208,21,2023-12-06,Facebook,2
9210,21,2023-12-06,Screen off (locked),1
9211,21,2023-12-06,Facebook,12
9213,21,2023-12-06,Screen off (locked),1
9216,21,2023-12-06,Screen off (locked),1
9219,21,2023-12-06,Screen off (locked),2
9221,21,2023-12-06,Screen off (locked),35
9225,21,2023-12-06,Screen off (locked),1
9229,21,2023-12-06,Screen off (locked),4
9230,21,2023-12-06,Facebook,1
9232,21,2023-12-06,Screen off (locked),1
9235,21,2023-12-06,Screen off (locked),2
9236,21,2023-12-06,Facebook,1
9238,21,2023-12-06,Screen off (locked),2
9239,21,2023-12-06,Facebook,1
9242,21,2023-12-06,Screen off (locked),7
9246,21,2023-12-06,Screen off (locked),4
9249,21,2023-12-06,Screen off (locked),2
9254,21,2023-12-06,Screen off (locked),81
9255,21,2023-12-06,Messenger,1
9257,21,2023-12-06,Screen off (locked),21
9265,21,2023-12-06,Screen off (locked),3
9276,21,2023-12-06,Screen off (locked),2
9278,21,2023-12-06,Messenger,1
9280,21,2023-12-06,Screen off (locked),44
9283,21,2023-12-06,Screen off (locked),22
9287,21,2023-12-06,Screen off (locked),14
9290,21,2023-12-06,Screen off (locked),2
9291,21,2023-12-06,Facebook,1
9303,21,2023-12-06,Screen off (locked),3
9307,21,2023-12-06,Screen off (locked),3
9308,21,2023-12-06,Facebook,1
9311,21,2023-12-06,Screen off (locked),1
9316,21,2023-12-06,Screen off (locked),3
9319,21,2023-12-06,Facebook,1
9321,21,2023-12-06,Screen off (locked),86
9326,21,2023-12-06,Facebook,1
9329,21,2023-12-06,Screen off (locked),55
9333,21,2023-12-06,Screen off (locked),360
9338,21,2023-12-06,Messenger,5
9339,21,2023-12-06,Facebook,1
9343,21,2023-12-06,Facebook,1
9345,22,2023-12-05,Screen off (locked),300
9348,22,2023-12-05,Screen off (locked),6
9349,22,2023-12-05,Facebook,1
9352,22,2023-12-05,Screen off (locked),122
9353,22,2023-12-05,Others,5
9360,22,2023-12-05,Screen off (locked),201
9361,22,2023-12-05,Facebook,5
9371,22,2023-12-05,Screen off (locked),2
9374,22,2023-12-05,Facebook,2
9378,22,2023-12-05,Screen off (locked),26
9385,22,2023-12-05,Facebook,13
9387,22,2023-12-05,Screen off (locked),2
9388,22,2023-12-05,Facebook,1
9390,22,2023-12-05,Screen off (locked),2
9391,22,2023-12-05,Facebook,1
9393,22,2023-12-05,Screen off (locked),4
9398,22,2023-12-05,Screen off (locked),28
9402,22,2023-12-05,Screen off (locked),5
9403,22,2023-12-05,Facebook,1
9406,22,2023-12-05,Screen off (locked),1
9408,22,2023-12-05,Facebook,1
9410,22,2023-12-05,Screen off (locked),3
9413,22,2023-12-05,Screen off (locked),4
9418,22,2023-12-05,Screen off (locked),4
9420,22,2023-12-05,Others,1
9423,22,2023-12-05,Messenger,1
9426,22,2023-12-05,Messenger,1
9431,22,2023-12-05,Messenger,1
9435,22,2023-12-05,Facebook,1
9440,22,2023-12-05,Screen off (locked),5
9447,22,2023-12-05,Screen off (locked),1
9450,22,2023-12-05,Screen off (locked),4
9454,22,2023-12-05,Screen off (locked),3
9456,22,2023-12-05,Chrome,1
9459,22,2023-12-05,Screen off (locked),14
9461,22,2023-12-05,Facebook,1
9463,22,2023-12-05,Screen off (locked),3
9466,22,2023-12-05,Screen off (locked),1
9470,22,2023-12-05,Screen off (locked),26
9473,22,2023-12-05,Screen off (locked),20
9476,22,2023-12-05,Screen off (locked),1
9480,22,2023-12-05,Screen off (locked),11
9483,22,2023-12-05,Screen off (locked),6
9486,22,2023-12-05,Screen off (locked),26
9487,22,2023-12-05,Others,1
9490,22,2023-12-05,Screen off (locked),28
9491,22,2023-12-05,Others,1
9500,22,2023-12-05,Screen off (locked),43
9504,22,2023-12-05,Screen off (locked),2
9505,22,2023-12-05,Facebook,9
9508,22,2023-12-05,Screen off (locked),11
9511,22,2023-12-05,Screen off (locked),36
9515,22,2023-12-05,Screen off (locked),1
9518,22,2023-12-05,Screen off (locked),11
9547,22,2023-12-05,Screen off (locked),1
9551,23,2023-12-04,Screen off (locked),447
9552,23,2023-12-04,Facebook,5
9555,23,2023-12-04,Screen off (locked),11
9557,23,2023-12-04,Others,1
9559,23,2023-12-04,Screen off (locked),229
9560,23,2023-12-04,Others,1
9564,23,2023-12-04,Facebook,22
9571,23,2023-12-04,Facebook,2
9574,23,2023-12-04,Facebook,3
9576,23,2023-12-04,Screen off (locked),6
9577,23,2023-12-04,Facebook,16
9582,23,2023-12-04,Screen off (locked),17
9585,23,2023-12-04,Screen off (locked),12
9586,23,2023-12-04,Facebook,10
9587,23,2023-12-04,Facebook,7
9592,23,2023-12-04,Screen off (locked),21
9593,23,2023-12-04,Facebook,2
9594,23,2023-12-04,Messenger,1
9597,23,2023-12-04,Screen off (locked),4
9604,23,2023-12-04,Screen off (locked),1
9605,23,2023-12-04,Messenger,2
9607,23,2023-12-04,Screen off (locked),1
9610,23,2023-12-04,Screen off (locked),1
9628,23,2023-12-04,Maps,1
9639,23,2023-12-04,Screen off (locked),22
9675,23,2023-12-04,Screen off (locked),1
9678,23,2023-12-04,Screen off (locked),3
9681,23,2023-12-04,Screen off (locked),2
9682,23,2023-12-04,Maps,2
9684,23,2023-12-04,Screen off (locked),1
9691,23,2023-12-04,Screen off (locked),1
9695,23,2023-12-04,Screen off (locked),2
9698,23,2023-12-04,Screen off (locked),1
9703,23,2023-12-04,Screen off (locked),1
9735,23,2023-12-04,Screen off (locked),1
9742,23,2023-12-04,Facebook,1
9745,23,2023-12-04,Screen off (locked),5
9750,23,2023-12-04,Facebook,2
9751,23,2023-12-04,Messenger,1
9754,23,2023-12-04,Screen off (locked),3
9757,23,2023-12-04,Facebook,1
9759,23,2023-12-04,Facebook,4
9763,23,2023-12-04,Screen off (locked),53
9765,23,2023-12-04,Facebook,1
9767,23,2023-12-04,Facebook,8
9768,23,2023-12-04,Messenger,1
9770,23,2023-12-04,Screen off (locked),3
9779,23,2023-12-04,Messenger,1
9782,23,2023-12-04,Screen off (locked),1
9787,23,2023-12-04,Screen off (locked),2
9790,23,2023-12-04,Screen off (locked),1
9793,23,2023-12-04,Screen off (locked),1
9796,23,2023-12-04,Screen off (locked),2
9797,23,2023-12-04,Facebook,2
9800,23,2023-12-04,Facebook,1
9802,23,2023-12-04,Screen off (locked),1
9806,23,2023-12-04,Screen off (locked),19
9810,23,2023-12-04,Screen off (locked),4
9816,23,2023-12-04,Screen off (locked),3
9820,23,2023-12-04,Screen off (locked),19
9825,23,2023-12-04,Screen off (locked),3
9829,23,2023-12-04,Screen off (locked),86
9839,23,2023-12-04,Screen off (locked),5
9843,23,2023-12-04,Screen off (locked),4
9847,23,2023-12-04,Screen off (locked),3
9850,23,2023-12-04,Screen off (locked),29
9851,23,2023-12-04,Facebook,5
9854,23,2023-12-04,Facebook,6
9857,23,2023-12-04,Screen off (locked),12
9862,23,2023-12-04,Screen off (locked),9
9863,23,2023-12-04,Messenger,3
9866,23,2023-12-04,Screen off (locked),40
9867,23,2023-12-04,Facebook,5
9871,23,2023-12-04,Facebook,1
9874,23,2023-12-04,Facebook,1
9875,23,2023-12-04,Messenger,3
9876,23,2023-12-04,Facebook,1
